customerID,gender,SeniorCitizen,Partner,Dependents,tenure,PhoneService,MultipleLines,InternetService,OnlineSecurity,OnlineBackup,DeviceProtection,TechSupport,StreamingTV,StreamingMovies,Contract,PaperlessBilling,PaymentMethod,MonthlyCharges,TotalCharges,ServiceCount,HasInternet,IsMonthToMonth,UsesElectronicCheck,AvgMonthlyValue,ActualChurn,ChurnProbability,RiskLevel,MonthlyRevenueAtRisk,AnnualRevenueAtRisk
4376-KFVRS,Male,0,Yes,Yes,72,Yes,Yes,Fiber optic,Yes,Yes,Yes,Yes,Yes,Yes,Two year,Yes,Credit card (automatic),114.05,8468.2,8,1,0,0,117.61,0,0.012431908,Low,1.4178591528907418,17.014309834688902
2754-SDJRD,Female,1,No,No,8,Yes,Yes,Fiber optic,No,No,No,Yes,Yes,Yes,Month-to-month,Yes,Credit card (automatic),100.15,908.55,5,1,1,0,113.57,0,0.90545434,High,90.68125191032887,1088.1750229239465
9917-KWRBE,Female,0,Yes,Yes,41,Yes,Yes,DSL,Yes,Yes,Yes,No,Yes,No,One year,Yes,Credit card (automatic),78.35,3211.2,6,1,0,0,78.32,0,0.09090635,Low,7.122512663900852,85.47015196681022
0365-GXEZS,Male,0,Yes,No,18,Yes,No,Fiber optic,No,No,Yes,Yes,No,No,Month-to-month,No,Electronic check,78.2,1468.75,3,1,1,1,81.6,0,0.36825743,Low,28.79773127436638,345.57277529239656
9385-NXKDA,Female,0,Yes,No,72,Yes,Yes,DSL,Yes,Yes,Yes,No,Yes,Yes,Two year,Yes,Credit card (automatic),82.65,5919.35,7,1,0,0,82.21,0,0.007311799,Low,0.6043201954336838,7.251842345204205
4686-UXDML,Female,0,No,No,21,Yes,Yes,Fiber optic,No,Yes,No,No,Yes,Yes,Month-to-month,Yes,Credit card (automatic),99.85,1992.55,5,1,1,0,94.88,0,0.65116215,Medium,65.01854043006897,780.2224851608275
2227-JRSJX,Female,0,No,No,21,Yes,No,Fiber optic,No,Yes,No,Yes,Yes,Yes,Month-to-month,Yes,Bank transfer (automatic),99.15,1956.4,5,1,1,0,93.16,0,0.4272094,Medium,42.35781271308661,508.2937525570393
4830-FAXFM,Male,0,No,Yes,19,Yes,Yes,No,No internet service,No internet service,No internet service,No internet service,No internet service,No internet service,Month-to-month,Yes,Credit card (automatic),24.1,439.2,2,0,1,0,23.12,0,0.119975224,Low,2.89140290170908,34.69683482050896
1830-IPXVJ,Female,0,Yes,Yes,61,Yes,No,No,No internet service,No internet service,No internet service,No internet service,No internet service,No internet service,Two year,No,Credit card (automatic),19.75,1311.6,1,0,0,0,21.5,0,0.014215328,Low,0.28075272403657436,3.3690326884388924
4690-LLKUA,Male,1,No,No,17,Yes,No,DSL,No,No,No,No,No,No,Month-to-month,Yes,Electronic check,45.05,770.6,1,1,1,1,45.33,1,0.46347684,Medium,20.879631492495534,250.5555779099464
5804-HYIEZ,Male,0,Yes,Yes,70,Yes,Yes,Fiber optic,Yes,Yes,No,No,Yes,Yes,Month-to-month,Yes,Electronic check,106.05,7554.05,6,1,1,1,107.92,0,0.4216095,Medium,44.71168653219938,536.5402383863925
2388-LAESQ,Female,1,Yes,No,72,Yes,Yes,Fiber optic,Yes,Yes,Yes,Yes,Yes,Yes,Two year,Yes,Bank transfer (automatic),114.85,8317.95,8,1,0,0,115.53,0,0.0147262,Low,1.6913040861953048,20.295649034343658
5533-RJFTJ,Male,0,No,No,49,No,No phone service,DSL,No,No,Yes,No,No,No,Month-to-month,Yes,Bank transfer (automatic),30.2,1453.1,1,1,1,0,29.66,0,0.22344463,Low,6.7480276972055435,80.97633236646652
4706-AXVKM,Female,1,No,No,11,Yes,Yes,Fiber optic,No,No,No,No,No,Yes,Month-to-month,Yes,Credit card (automatic),84.8,906.85,3,1,1,0,82.44,1,0.72569954,High,61.53932132720947,738.4718559265136
0997-YTLNY,Female,0,No,Yes,19,Yes,No,DSL,No,No,No,Yes,No,No,Month-to-month,No,Mailed check,48.8,953.65,2,1,1,0,50.19,0,0.11929393,Low,5.8215436935424805,69.85852432250977
7971-HLVXI,Male,0,Yes,Yes,72,Yes,Yes,Fiber optic,No,No,No,No,No,Yes,Two year,Yes,Credit card (automatic),84.5,6130.85,3,1,0,0,85.15,0,0.047490217,Low,4.012923318892717,48.15507982671261
7337-CINUD,Female,0,Yes,Yes,8,Yes,No,No,No internet service,No internet service,No internet service,No internet service,No internet service,No internet service,Two year,No,Bank transfer (automatic),19.5,159.35,1,0,0,0,19.92,0,0.021573866,Low,0.4206903828307986,5.0482845939695835
1379-FRVEB,Male,0,No,Yes,15,Yes,Yes,Fiber optic,No,Yes,No,No,Yes,No,Month-to-month,Yes,Electronic check,91.0,1430.05,4,1,1,1,95.34,0,0.7001522,High,63.71385186910629,764.5662224292755
4753-PADAS,Female,0,Yes,No,67,Yes,Yes,Fiber optic,No,Yes,Yes,No,Yes,Yes,One year,Yes,Bank transfer (automatic),105.7,6816.95,6,1,0,0,101.75,0,0.20372872,Low,21.534125761687758,258.4095091402531
5701-GUXDC,Female,0,Yes,No,26,No,No phone service,DSL,Yes,No,Yes,No,No,No,One year,No,Credit card (automatic),35.4,978.6,2,1,0,0,37.64,0,0.05022147,Low,1.7778400115668773,21.334080138802527
7235-NXZCP,Male,1,No,No,2,Yes,Yes,Fiber optic,No,No,No,No,No,No,Month-to-month,Yes,Mailed check,74.85,156.4,2,1,1,0,78.2,1,0.7397093,High,55.36724242866039,664.4069091439246
0668-OGMHD,Female,0,Yes,No,21,No,No phone service,DSL,Yes,No,No,No,No,No,Month-to-month,No,Electronic check,28.5,629.35,1,1,1,1,29.97,0,0.26401868,Low,7.52453251183033,90.29439014196396
2812-REYAT,Female,0,Yes,No,49,Yes,No,No,No internet service,No internet service,No internet service,No internet service,No internet service,No internet service,One year,Yes,Bank transfer (automatic),20.05,923.1,1,0,0,0,18.84,0,0.017370414,Low,0.3482768004760146,4.179321605712175
8779-YIQQA,Male,0,Yes,Yes,21,Yes,No,No,No internet service,No internet service,No internet service,No internet service,No internet service,No internet service,One year,No,Mailed check,19.8,350.1,1,0,0,0,16.67,0,0.013001067,Low,0.25742111932486295,3.089053431898355
9701-CDXHR,Female,0,Yes,No,51,Yes,No,Fiber optic,No,No,No,No,No,No,Month-to-month,No,Mailed check,69.15,3649.6,1,1,1,0,71.56,0,0.13336831,Low,9.222418865561487,110.66902638673784
7130-CTCUS,Male,1,Yes,No,16,Yes,No,DSL,Yes,Yes,No,No,No,No,Month-to-month,Yes,Bank transfer (automatic),54.55,825.1,3,1,1,0,51.57,0,0.25071886,Low,13.676713912189006,164.12056694626807
1894-IGFSG,Female,0,No,No,22,Yes,No,Fiber optic,No,No,No,No,Yes,Yes,Month-to-month,No,Electronic check,89.25,1907.85,3,1,1,1,86.72,1,0.39549798,Low,35.298194512724876,423.5783341526985
0871-URUWO,Male,0,Yes,No,13,Yes,Yes,Fiber optic,No,No,Yes,No,Yes,Yes,Month-to-month,Yes,Credit card (automatic),102.25,1359.0,5,1,1,0,104.54,1,0.75528157,High,77.22754028439522,926.7304834127426
0057-QBUQH,Female,0,No,Yes,43,Yes,Yes,No,No internet service,No internet service,No internet service,No internet service,No internet service,No internet service,Two year,Yes,Electronic check,25.1,1070.15,2,0,0,1,24.89,0,0.02412656,Low,0.6055766433477402,7.266919720172883
9611-CTWIH,Female,0,No,No,3,Yes,No,Fiber optic,No,No,No,No,Yes,Yes,Month-to-month,Yes,Electronic check,89.45,240.45,3,1,1,1,80.15,1,0.6213233,Medium,55.577368065714836,666.928416788578
8058-DMYRU,Male,1,No,No,54,Yes,Yes,Fiber optic,No,Yes,No,No,No,Yes,Month-to-month,Yes,Electronic check,90.05,4931.8,4,1,1,1,91.33,0,0.4666297,Medium,42.020005725324154,504.24006870388985
5351-QESIO,Male,0,No,Yes,1,No,No phone service,DSL,No,No,No,No,No,No,Month-to-month,No,Mailed check,24.2,24.2,0,1,1,0,24.2,0,0.427493,Medium,10.345330744981766,124.14396893978119
4302-ZYFEL,Male,0,Yes,Yes,69,Yes,No,No,No internet service,No internet service,No internet service,No internet service,No internet service,No internet service,One year,Yes,Credit card (automatic),20.55,1403.1,1,0,0,0,20.33,0,0.005170117,Low,0.1062459070701152,1.2749508848413824
6134-KWTBV,Male,0,No,No,62,Yes,Yes,No,No internet service,No internet service,No internet service,No internet service,No internet service,No internet service,Two year,No,Bank transfer (automatic),23.4,1429.65,2,0,0,0,23.06,0,0.014523767,Low,0.33985614627599714,4.078273755311965
2034-GDRCN,Female,0,No,No,2,Yes,No,Fiber optic,No,No,No,No,Yes,Yes,Month-to-month,Yes,Electronic check,90.4,168.2,3,1,1,1,84.1,1,0.7434857,High,67.211106300354,806.533275604248
9544-PYPSJ,Female,1,Yes,Yes,62,Yes,Yes,Fiber optic,No,Yes,Yes,No,No,Yes,Month-to-month,Yes,Credit card (automatic),96.1,6019.35,5,1,1,0,97.09,0,0.15541787,Low,14.935657735168933,179.2278928220272
4208-UFFGW,Male,1,No,No,2,Yes,No,DSL,No,No,No,No,No,No,Month-to-month,No,Mailed check,44.95,85.15,1,1,1,0,42.58,1,0.51743114,Medium,23.258529740571976,279.10235688686373
9537-JALFH,Male,0,Yes,Yes,69,Yes,No,No,No internet service,No internet service,No internet service,No internet service,No internet service,No internet service,Two year,No,Bank transfer (automatic),19.9,1356.7,1,0,0,0,19.66,0,0.010572583,Low,0.21039440995082256,2.5247329194098707
4415-IJZTP,Female,0,No,No,1,Yes,Yes,Fiber optic,No,No,No,No,No,No,Month-to-month,Yes,Electronic check,74.5,74.5,2,1,1,1,74.5,1,0.87252825,High,65.0033549964428,780.0402599573135
4701-MLJPN,Male,0,No,No,31,Yes,No,DSL,No,No,Yes,Yes,No,No,Month-to-month,Yes,Electronic check,55.25,1715.65,3,1,1,1,55.34,1,0.10611941,Low,5.863097358494997,70.35716830193996
7515-LODFU,Male,1,No,No,69,Yes,No,No,No internet service,No internet service,No internet service,No internet service,No internet service,No internet service,Two year,No,Credit card (automatic),20.3,1356.3,1,0,0,0,19.66,0,0.010694,Low,0.21708819875493646,2.6050583850592375
4927-WWOOZ,Male,0,Yes,No,2,Yes,Yes,Fiber optic,No,No,Yes,No,Yes,No,Month-to-month,Yes,Electronic check,91.45,171.45,4,1,1,1,85.72,0,0.86067784,High,78.70898831486703,944.5078597784043
4067-HLYQI,Female,0,No,No,33,Yes,No,Fiber optic,No,No,No,No,No,No,Month-to-month,Yes,Bank transfer (automatic),70.4,2406.1,1,1,1,0,72.91,0,0.38403687,Low,27.03619556427002,324.43434677124026
6184-DYUOB,Female,0,Yes,No,3,Yes,No,No,No internet service,No internet service,No internet service,No internet service,No internet service,No internet service,Month-to-month,Yes,Mailed check,19.6,55.25,1,0,1,0,18.42,0,0.13748078,Low,2.6946232974529267,32.33547956943512
9209-NWPGU,Male,0,No,No,44,Yes,No,DSL,Yes,No,No,Yes,Yes,No,One year,No,Electronic check,65.4,2774.55,4,1,0,1,63.06,0,0.0703298,Low,4.599568936228753,55.194827234745034
9851-KIELU,Male,0,No,No,10,Yes,No,Fiber optic,Yes,Yes,Yes,Yes,Yes,Yes,Month-to-month,Yes,Electronic check,110.1,1043.3,7,1,1,1,104.33,1,0.68098426,Medium,74.97636687755585,899.7164025306702
3199-XGZCY,Female,0,No,No,8,Yes,Yes,Fiber optic,No,No,No,No,No,No,Month-to-month,Yes,Electronic check,75.25,576.7,2,1,1,1,72.09,0,0.6873794,Medium,51.72530134022236,620.7036160826683
4226-KKDON,Male,0,No,No,8,Yes,No,DSL,No,Yes,No,Yes,Yes,No,Month-to-month,Yes,Electronic check,66.65,520.95,4,1,1,1,65.12,0,0.23392071,Low,15.590815208107234,187.08978249728682
1085-LDWAM,Female,0,Yes,Yes,69,Yes,No,No,No internet service,No internet service,No internet service,No internet service,No internet service,No internet service,One year,Yes,Credit card (automatic),20.35,1442.65,1,0,0,0,20.91,0,0.005531627,Low,0.11256861391011626,1.3508233669213952
6825-UYPFK,Female,0,No,No,23,Yes,Yes,Fiber optic,No,No,No,No,No,No,Month-to-month,No,Bank transfer (automatic),75.6,1758.6,2,1,1,0,76.46,1,0.20780541,Low,15.710088998079298,188.52106797695157
1767-CJKBA,Male,0,No,No,66,Yes,Yes,No,No internet service,No internet service,No internet service,No internet service,No internet service,No internet service,Two year,No,Mailed check,25.1,1697.7,2,0,0,0,25.72,0,0.005448058,Low,0.1367462503258139,1.6409550039097667
7181-BQYBV,Female,0,Yes,Yes,1,Yes,Yes,Fiber optic,Yes,No,Yes,No,Yes,Yes,Month-to-month,Yes,Electronic check,102.45,102.45,6,1,1,1,102.45,1,0.909105,High,93.13780754506588,1117.6536905407906
0178-CIIKR,Female,0,No,No,3,Yes,No,No,No internet service,No internet service,No internet service,No internet service,No internet service,No internet service,Month-to-month,No,Mailed check,19.95,58.0,1,0,1,0,19.33,0,0.23529638,Low,4.694162850826978,56.32995420992374
4256-ZWTZI,Female,0,No,Yes,5,Yes,No,DSL,No,No,No,Yes,No,No,Month-to-month,Yes,Mailed check,51.0,286.8,2,1,1,0,57.36,0,0.2991554,Low,15.256926119327545,183.08311343193054
9537-VHDTA,Female,0,No,Yes,1,Yes,No,DSL,Yes,No,No,No,No,No,Month-to-month,No,Mailed check,51.2,51.2,2,1,1,0,51.2,0,0.36913592,Low,18.899758911132814,226.79710693359377
2754-XBHTB,Female,0,No,No,9,Yes,No,Fiber optic,No,No,No,No,Yes,No,Month-to-month,Yes,Bank transfer (automatic),77.65,714.15,2,1,1,0,79.35,1,0.5394941,Medium,41.891716650128366,502.7005998015404
5975-BAICR,Male,0,Yes,Yes,36,Yes,No,DSL,Yes,No,Yes,No,No,Yes,One year,Yes,Credit card (automatic),63.7,2188.5,4,1,0,0,60.79,0,0.07168674,Low,4.566445162147284,54.79734194576741
3301-VKTGC,Male,0,Yes,Yes,68,Yes,Yes,Fiber optic,Yes,Yes,No,No,No,No,One year,Yes,Bank transfer (automatic),85.5,5696.6,4,1,0,0,83.77,0,0.04933474,Low,4.2181201335042715,50.61744160205126
2877-VDUER,Female,0,Yes,Yes,35,No,No phone service,DSL,No,No,No,Yes,Yes,No,One year,No,Mailed check,40.9,1383.6,2,1,0,0,39.53,0,0.033622228,Low,1.3751491092145443,16.50178931057453
7717-BICXI,Male,0,Yes,Yes,60,Yes,No,No,No internet service,No internet service,No internet service,No internet service,No internet service,No internet service,Two year,No,Mailed check,20.55,1205.05,1,0,0,0,20.08,0,0.0075466232,Low,0.15508310752920806,1.8609972903504968
0562-FGDCR,Female,0,Yes,Yes,72,Yes,Yes,DSL,Yes,Yes,No,Yes,Yes,No,Two year,No,Mailed check,74.55,5430.65,6,1,0,0,75.43,0,0.0052637053,Low,0.392409228044562,4.708910736534744
3705-PSNGL,Male,0,No,No,45,Yes,No,No,No internet service,No internet service,No internet service,No internet service,No internet service,No internet service,One year,Yes,Electronic check,20.4,930.45,1,0,0,1,20.68,1,0.017737912,Low,0.36185340508818625,4.342240861058235
0048-LUMLS,Male,0,Yes,Yes,37,Yes,No,Fiber optic,No,No,No,No,Yes,Yes,One year,No,Credit card (automatic),91.2,3247.55,3,1,0,0,87.77,0,0.14992703,Low,13.673345589637757,164.0801470756531
6497-TILVL,Female,0,Yes,Yes,7,Yes,No,DSL,Yes,No,No,No,No,No,Month-to-month,No,Mailed check,50.7,350.35,2,1,1,0,50.05,0,0.15677586,Low,7.948536202311517,95.3824344277382
2108-YKQTY,Female,0,No,No,4,Yes,No,DSL,No,Yes,No,No,No,No,Month-to-month,No,Credit card (automatic),50.7,151.3,2,1,1,0,37.83,1,0.27699852,Low,14.04382495880127,168.52589950561526
3658-KIBGF,Female,0,No,No,1,Yes,No,DSL,Yes,Yes,No,No,No,No,Month-to-month,Yes,Electronic check,54.9,54.9,3,1,1,1,54.9,1,0.55802774,Medium,30.63572316169739,367.6286779403687
5482-NUPNA,Female,0,No,No,4,Yes,No,DSL,Yes,Yes,No,Yes,No,No,Month-to-month,Yes,Mailed check,60.4,272.15,4,1,1,0,68.04,1,0.22056825,Low,13.322322577238083,159.867870926857
7410-KTVFV,Male,0,Yes,No,18,Yes,No,DSL,No,No,Yes,No,No,No,Month-to-month,Yes,Mailed check,49.55,878.35,2,1,1,0,48.8,1,0.20269397,Low,10.043486164510249,120.52183397412298
9033-EOXWV,Female,0,No,No,12,Yes,Yes,DSL,No,No,No,Yes,Yes,Yes,One year,No,Mailed check,74.05,872.65,5,1,0,0,72.72,1,0.18041931,Low,13.360049974173307,160.3205996900797
8821-XNHVZ,Female,0,Yes,Yes,1,Yes,No,Fiber optic,No,No,No,No,Yes,No,Month-to-month,Yes,Mailed check,80.05,80.05,2,1,1,0,80.05,1,0.8732433,High,69.90312394797802,838.8374873757361
8224-KDLKN,Male,0,Yes,Yes,72,Yes,Yes,No,No internet service,No internet service,No internet service,No internet service,No internet service,No internet service,Two year,No,Bank transfer (automatic),25.0,1738.9,2,0,0,0,24.15,0,0.0047213957,Low,0.11803489178419113,1.4164187014102936
4825-FUREZ,Male,0,Yes,No,42,Yes,No,No,No internet service,No internet service,No internet service,No internet service,No internet service,No internet service,Two year,No,Electronic check,20.25,835.5,1,0,0,1,19.89,0,0.012680276,Low,0.25677559501491487,3.0813071401789784
7534-BFESC,Male,1,No,No,24,Yes,Yes,Fiber optic,No,No,No,No,No,No,Month-to-month,Yes,Electronic check,76.1,1712.7,2,1,1,1,71.36,1,0.44973513,Medium,34.22484376132488,410.6981251358985
9138-EFSMO,Male,0,Yes,Yes,26,Yes,No,Fiber optic,No,No,No,No,No,Yes,One year,No,Bank transfer (automatic),78.95,2034.25,2,1,0,0,78.24,0,0.10077632,Low,7.956290636584163,95.47548763900996
4227-OJHAL,Female,0,Yes,Yes,68,Yes,Yes,DSL,Yes,Yes,Yes,No,Yes,No,One year,Yes,Credit card (automatic),73.0,5163.0,6,1,0,0,75.93,0,0.09393518,Low,6.857267901301384,82.28721481561661
7279-NMVJC,Female,0,No,No,17,Yes,No,No,No internet service,No internet service,No internet service,No internet service,No internet service,No internet service,One year,No,Bank transfer (automatic),19.9,323.15,1,0,0,0,19.01,0,0.038748484,Low,0.7710948336869478,9.253138004243374
8591-TKMZH,Male,0,Yes,Yes,59,Yes,Yes,Fiber optic,Yes,Yes,No,Yes,Yes,Yes,Two year,Yes,Mailed check,111.1,6555.2,7,1,0,0,111.11,0,0.033624057,Low,3.735632702335715,44.82759242802858
9283-LZQOH,Male,0,Yes,Yes,13,Yes,Yes,Fiber optic,No,No,No,No,No,No,Month-to-month,Yes,Credit card (automatic),74.4,896.75,2,1,1,0,68.98,1,0.45335534,Medium,33.72963745594025,404.755649471283
3594-IVHJZ,Female,0,No,No,2,Yes,No,No,No internet service,No internet service,No internet service,No internet service,No internet service,No internet service,Month-to-month,Yes,Mailed check,20.45,42.45,1,0,1,0,21.22,0,0.101575,Low,2.0772087924182414,24.926505509018895
1945-XISKS,Female,0,Yes,No,67,Yes,No,No,No internet service,No internet service,No internet service,No internet service,No internet service,No internet service,Two year,No,Mailed check,19.65,1335.2,1,0,0,0,19.93,0,0.008474919,Low,0.1665321586187929,1.9983859034255147
4359-INNWN,Female,0,No,No,17,Yes,No,No,No internet service,No internet service,No internet service,No internet service,No internet service,No internet service,One year,No,Credit card (automatic),20.05,337.9,1,0,0,0,19.88,0,0.018285409,Low,0.3666224427521229,4.399469313025475
7649-SIJJF,Male,0,Yes,No,71,Yes,Yes,DSL,Yes,Yes,Yes,Yes,No,Yes,Two year,Yes,Mailed check,80.1,5585.4,7,1,0,0,78.67,0,0.0071168076,Low,0.5700562907382846,6.840675488859414
9254-RBFON,Female,0,Yes,Yes,17,Yes,No,Fiber optic,No,No,Yes,Yes,Yes,Yes,One year,No,Bank transfer (automatic),98.6,1704.95,5,1,0,0,100.29,1,0.17408599,Low,17.16487857401371,205.9785428881645
0970-ETWGE,Male,0,No,No,1,Yes,No,Fiber optic,No,No,No,No,Yes,Yes,Month-to-month,Yes,Electronic check,89.55,89.55,3,1,1,1,89.55,1,0.8409198,High,75.30436743199824,903.652409183979
7762-ONLJY,Female,0,Yes,Yes,6,Yes,No,No,No internet service,No internet service,No internet service,No internet service,No internet service,No internet service,One year,No,Mailed check,19.7,94.45,1,0,0,0,15.74,0,0.024828373,Low,0.4891189387068152,5.869427264481782
6710-HSJRD,Male,0,Yes,No,61,Yes,Yes,Fiber optic,No,Yes,Yes,Yes,Yes,Yes,Month-to-month,Yes,Electronic check,114.1,7132.15,7,1,1,1,116.92,0,0.2731508,Low,31.166506469249725,373.9980776309967
8873-GLDMH,Female,0,No,No,6,Yes,Yes,Fiber optic,No,No,No,No,No,No,Month-to-month,Yes,Mailed check,73.85,401.3,2,1,1,0,66.88,0,0.6349108,Medium,46.888164198398584,562.657970380783
9907-SWKKF,Female,1,No,No,1,No,No phone service,DSL,No,No,No,No,No,No,Month-to-month,No,Mailed check,25.05,25.05,0,1,1,0,25.05,1,0.6973247,Medium,17.46798356473446,209.61580277681352
4658-HCOHW,Female,0,Yes,Yes,21,Yes,No,Fiber optic,No,Yes,Yes,Yes,Yes,Yes,Month-to-month,Yes,Electronic check,102.8,2110.15,6,1,1,1,100.48,1,0.4612232,Medium,47.413746488094326,568.9649578571319
9330-VOFSZ,Female,0,Yes,No,60,Yes,Yes,Fiber optic,No,Yes,Yes,Yes,Yes,Yes,Two year,Yes,Credit card (automatic),110.8,6640.7,7,1,0,0,110.68,0,0.05350257,Low,5.928084848821163,71.13701818585395
2860-RANUS,Female,1,No,No,20,Yes,Yes,Fiber optic,No,No,No,No,No,Yes,Month-to-month,Yes,Credit card (automatic),85.8,1727.5,3,1,1,0,86.38,1,0.4879576,Medium,41.866761803627014,502.40114164352417
6234-PFPXL,Male,0,Yes,No,22,Yes,Yes,Fiber optic,Yes,No,No,Yes,Yes,No,Month-to-month,No,Credit card (automatic),95.9,2234.95,5,1,1,0,101.59,0,0.4311735,Medium,41.34953897595406,496.19446771144874
7205-BAIAD,Female,0,No,No,40,Yes,No,No,No internet service,No internet service,No internet service,No internet service,No internet service,No internet service,Two year,Yes,Bank transfer (automatic),20.6,827.3,1,0,0,0,20.68,0,0.0074326666,Low,0.15311293210834265,1.8373551853001118
3858-VOBET,Male,0,No,No,23,Yes,Yes,Fiber optic,No,No,No,No,No,No,Month-to-month,Yes,Electronic check,74.95,1710.45,2,1,1,1,74.37,1,0.48725674,Medium,36.519892330467705,438.23870796561243
5103-MHMHY,Female,0,No,Yes,1,Yes,No,DSL,No,No,No,No,No,No,Month-to-month,No,Mailed check,45.95,45.95,1,1,1,0,45.95,1,0.54096025,Medium,24.85712359249592,298.28548310995103
6119-SPUDB,Male,0,No,No,46,No,No phone service,DSL,Yes,No,Yes,Yes,No,No,Two year,No,Mailed check,38.25,1755.35,3,1,0,0,38.16,0,0.012028916,Low,0.4601060296408832,5.5212723556905985
9389-ACWBI,Female,0,Yes,Yes,5,Yes,No,Fiber optic,No,No,No,No,No,No,Month-to-month,No,Credit card (automatic),69.95,320.4,1,1,1,0,64.08,0,0.50646913,Medium,35.42751567959785,425.1301881551742
3454-JFUBC,Male,1,No,No,68,Yes,No,No,No internet service,No internet service,No internet service,No internet service,No internet service,No internet service,Two year,Yes,Credit card (automatic),20.0,1396.0,1,0,0,0,20.53,0,0.0062903943,Low,0.1258078869432211,1.509694643318653
1768-ZAIFU,Female,1,No,No,1,No,No phone service,DSL,No,No,No,No,No,No,Month-to-month,Yes,Electronic check,25.2,25.2,0,1,1,1,25.2,1,0.82639927,High,20.825261521339417,249.90313825607302
7017-VFULY,Female,0,Yes,No,2,Yes,No,No,No internet service,No internet service,No internet service,No internet service,No internet service,No internet service,Month-to-month,No,Bank transfer (automatic),20.1,43.15,1,0,1,0,21.58,0,0.14287393,Low,2.8717659518122676,34.46119142174721
9221-OTIVJ,Female,1,No,No,14,Yes,Yes,Fiber optic,No,Yes,Yes,No,Yes,Yes,Month-to-month,Yes,Electronic check,104.85,1531.4,6,1,1,1,109.39,1,0.647964,Medium,67.93902547359467,815.2683056831361
2482-CZGBB,Male,0,No,No,10,Yes,No,Fiber optic,No,No,No,No,No,No,Month-to-month,Yes,Electronic check,70.0,740.0,1,1,1,1,74.0,1,0.5082413,Medium,35.57689070701599,426.9226884841919
7018-WBJNK,Male,0,No,Yes,13,Yes,No,Fiber optic,No,No,No,No,Yes,No,Month-to-month,Yes,Credit card (automatic),78.3,1033.95,2,1,1,0,79.53,0,0.45986924,Medium,36.00776115953922,432.0931339144706
3331-HQDTW,Female,0,No,No,34,Yes,Yes,Fiber optic,Yes,Yes,Yes,No,Yes,Yes,Month-to-month,Yes,Mailed check,109.8,3587.25,7,1,1,0,105.51,1,0.18528552,Low,20.344350484013557,244.13220580816267
4695-VADHF,Male,0,Yes,Yes,18,Yes,No,DSL,No,No,Yes,No,No,Yes,Month-to-month,No,Electronic check,57.45,990.85,3,1,1,1,55.05,1,0.19222789,Low,11.043492000550032,132.52190400660038
4086-WITJG,Male,0,Yes,Yes,71,Yes,No,No,No internet service,No internet service,No internet service,No internet service,No internet service,No internet service,Two year,No,Credit card (automatic),19.7,1301.1,1,0,0,0,18.33,0,0.005520645,Low,0.10875670774839818,1.3050804929807782
6297-NOOPG,Female,0,Yes,No,70,Yes,Yes,Fiber optic,No,Yes,Yes,Yes,Yes,Yes,Two year,Yes,Electronic check,110.5,7752.05,7,1,0,1,110.74,0,0.09855264,Low,10.890066366642714,130.68079639971256
8777-PVYGU,Female,0,Yes,No,52,Yes,No,DSL,Yes,No,Yes,No,Yes,No,One year,Yes,Mailed check,64.3,3410.6,4,1,0,0,65.59,0,0.027378011,Low,1.7604061391204595,21.124873669445513
4378-MYPGO,Male,0,Yes,Yes,68,Yes,No,Fiber optic,Yes,Yes,Yes,No,Yes,Yes,Two year,Yes,Bank transfer (automatic),105.25,7173.15,6,1,0,0,105.49,0,0.13769358,Low,14.492249712347984,173.9069965481758
9313-CDOGY,Male,0,Yes,Yes,38,Yes,No,No,No internet service,No internet service,No internet service,No internet service,No internet service,No internet service,Month-to-month,No,Electronic check,19.6,717.3,1,0,1,1,18.88,0,0.05872908,Low,1.1510899409651758,13.81307929158211
4121-AGSIN,Female,0,Yes,Yes,58,Yes,Yes,No,No internet service,No internet service,No internet service,No internet service,No internet service,No internet service,One year,Yes,Credit card (automatic),24.5,1497.9,2,0,0,0,25.83,0,0.021958979,Low,0.5379949817433953,6.455939780920744
0432-CAJZV,Male,0,No,No,3,Yes,No,Fiber optic,No,No,No,No,Yes,Yes,Month-to-month,No,Mailed check,90.7,237.65,3,1,1,0,79.22,0,0.54503334,Medium,49.43452354669571,593.2142825603485
9097-ZUBYC,Male,0,Yes,No,14,Yes,No,DSL,No,No,No,Yes,No,No,Month-to-month,No,Bank transfer (automatic),48.8,664.4,2,1,1,0,47.46,0,0.17750815,Low,8.662397503852844,103.94877004623413
9638-JIQYA,Male,0,No,No,2,No,No phone service,DSL,No,No,No,No,No,No,Month-to-month,Yes,Credit card (automatic),24.9,49.7,0,1,1,0,24.85,0,0.5391007,Medium,13.423607593774795,161.08329112529754
1024-GUALD,Female,0,Yes,No,1,No,No phone service,DSL,No,No,No,No,No,No,Month-to-month,Yes,Electronic check,24.8,24.8,0,1,1,1,24.8,1,0.67010295,Medium,16.618553256988527,199.42263908386232
8024-XNAFQ,Female,1,No,No,72,Yes,Yes,Fiber optic,Yes,Yes,Yes,Yes,No,Yes,Two year,Yes,Bank transfer (automatic),107.4,7748.75,7,1,0,0,107.62,0,0.017682755,Low,1.8991279263049365,22.789535115659238
7587-RZNME,Male,0,No,No,3,Yes,No,DSL,No,No,No,No,No,No,Month-to-month,Yes,Electronic check,43.3,123.65,1,1,1,1,41.22,1,0.48348078,Medium,20.934717831015586,251.21661397218702
1346-UFHAX,Female,0,No,No,13,Yes,Yes,Fiber optic,Yes,No,No,No,No,No,Month-to-month,Yes,Credit card (automatic),80.0,1029.35,3,1,1,0,79.18,0,0.46991232,Medium,37.5929856300354,451.1158275604248
6374-NTQLP,Male,1,Yes,Yes,72,Yes,No,Fiber optic,Yes,No,Yes,Yes,Yes,Yes,Two year,Yes,Credit card (automatic),104.1,7447.7,6,1,0,0,103.44,0,0.026795171,Low,2.7893773220479487,33.47252786457538
6625-FLENO,Male,0,Yes,No,58,Yes,No,No,No internet service,No internet service,No internet service,No internet service,No internet service,No internet service,Two year,No,Mailed check,20.75,1185.95,1,0,0,0,20.45,0,0.012357987,Low,0.2564282398670912,3.077138878405094
7375-WMVMT,Male,1,Yes,No,71,Yes,No,Fiber optic,No,Yes,Yes,Yes,No,Yes,Two year,Yes,Credit card (automatic),95.5,6707.15,5,1,0,0,94.47,0,0.013553297,Low,1.2943398775532842,15.53207853063941
6910-HADCM,Female,0,No,No,1,Yes,No,Fiber optic,No,No,Yes,No,No,No,Month-to-month,No,Electronic check,76.35,76.35,2,1,1,1,76.35,1,0.82228124,High,62.781172782182686,753.3740733861922
7401-JIXNM,Female,0,Yes,Yes,54,Yes,Yes,DSL,Yes,Yes,Yes,Yes,Yes,Yes,Two year,No,Credit card (automatic),91.3,4965.0,8,1,0,0,91.94,0,0.0123400455,Low,1.126646157260984,13.51975388713181
7338-ERIVA,Male,0,No,Yes,39,No,No phone service,DSL,Yes,No,No,Yes,Yes,No,One year,No,Bank transfer (automatic),45.05,1790.6,3,1,0,0,45.91,0,0.027718212,Low,1.2487054711207746,14.984465653449295
5376-DEQCP,Female,0,No,No,1,Yes,No,Fiber optic,No,No,No,No,No,No,Month-to-month,Yes,Electronic check,70.6,70.6,1,1,1,1,70.6,1,0.8066741,High,56.951193070411676,683.4143168449401
0909-SELIE,Male,0,Yes,No,61,Yes,Yes,DSL,Yes,Yes,Yes,Yes,No,Yes,Two year,Yes,Bank transfer (automatic),80.8,4860.85,7,1,0,0,79.69,0,0.01326026,Low,1.0714290261268615,12.857148313522337
5419-KLXBN,Female,0,Yes,Yes,25,Yes,No,Fiber optic,No,Yes,Yes,No,Yes,No,Month-to-month,Yes,Bank transfer (automatic),89.15,2257.75,4,1,1,0,90.31,1,0.36433077,Low,32.48008801937103,389.76105623245235
0365-TRTPY,Female,0,No,No,37,Yes,Yes,Fiber optic,Yes,Yes,Yes,No,No,No,Month-to-month,No,Bank transfer (automatic),91.2,3382.3,5,1,1,0,91.41,0,0.13655666,Low,12.453966951370239,149.44760341644286
6712-OAWRH,Female,1,No,No,26,Yes,No,Fiber optic,No,No,No,No,Yes,Yes,Month-to-month,Yes,Electronic check,91.25,2351.8,3,1,1,1,90.45,1,0.5808926,Medium,53.006451800465584,636.077421605587
2428-ZMCTB,Male,0,No,No,10,Yes,No,No,No internet service,No internet service,No internet service,No internet service,No internet service,No internet service,Month-to-month,No,Credit card (automatic),19.75,208.25,1,0,1,0,20.82,0,0.06883837,Low,1.3595578633248806,16.314694359898567
1963-VAUKV,Female,0,No,No,1,Yes,No,No,No internet service,No internet service,No internet service,No internet service,No internet service,No internet service,Month-to-month,No,Mailed check,20.4,20.4,1,0,1,0,20.4,1,0.23139441,Low,4.720445966720581,56.64535160064697
9381-NDKME,Female,1,Yes,No,24,No,No phone service,DSL,No,No,Yes,No,No,Yes,Month-to-month,Yes,Credit card (automatic),40.65,933.3,2,1,1,0,38.89,1,0.3778102,Low,15.357985036075114,184.29582043290137
3729-OWRVL,Male,1,No,No,65,Yes,Yes,Fiber optic,Yes,No,Yes,Yes,Yes,Yes,Two year,Yes,Electronic check,110.35,7246.15,7,1,0,1,111.48,0,0.12092927,Low,13.344545052945612,160.13454063534735
0895-LMRSF,Male,0,No,No,23,Yes,No,DSL,No,No,No,No,Yes,Yes,One year,Yes,Bank transfer (automatic),64.9,1509.8,3,1,0,0,65.64,0,0.12752032,Low,8.276068949699402,99.31282739639283
2676-SSLTO,Male,0,No,No,49,Yes,Yes,DSL,No,No,No,Yes,Yes,No,Two year,Yes,Bank transfer (automatic),66.15,3199.0,4,1,0,0,65.29,0,0.03100729,Low,2.0511322259902958,24.61358671188355
8495-PRWFH,Female,1,No,No,42,Yes,Yes,DSL,No,No,Yes,No,No,No,Month-to-month,No,Electronic check,55.65,2421.75,3,1,1,1,57.66,0,0.309333,Low,17.21438126116991,206.5725751340389
9030-QGZNL,Female,0,No,No,8,Yes,No,No,No internet service,No internet service,No internet service,No internet service,No internet service,No internet service,Two year,No,Mailed check,20.85,161.65,1,0,0,0,20.21,0,0.0144243445,Low,0.3007475833408535,3.608971000090242
9972-NKTFD,Female,0,No,No,28,Yes,No,DSL,No,Yes,No,Yes,No,No,Month-to-month,No,Bank transfer (automatic),54.65,1517.5,3,1,1,0,54.2,0,0.07467182,Low,4.080814952403307,48.96977942883968
7998-WNZEM,Male,0,No,No,71,Yes,Yes,DSL,Yes,Yes,Yes,Yes,No,Yes,Two year,No,Bank transfer (automatic),80.6,5708.2,7,1,0,0,80.4,0,0.0071392055,Low,0.5754199606366455,6.905039527639746
0979-PHULV,Male,0,Yes,Yes,69,Yes,Yes,Fiber optic,No,No,Yes,No,Yes,Yes,Month-to-month,Yes,Credit card (automatic),99.45,7007.6,5,1,1,0,101.56,1,0.5876723,Medium,58.44400955736637,701.3281146883965
6445-TNRXS,Male,0,Yes,Yes,68,Yes,Yes,Fiber optic,Yes,Yes,Yes,Yes,Yes,Yes,Two year,Yes,Bank transfer (automatic),114.7,7849.85,8,1,0,0,115.44,0,0.07899024,Low,9.060180915147066,108.7221709817648
9586-JGQKH,Female,0,Yes,No,64,Yes,Yes,Fiber optic,No,Yes,No,Yes,Yes,Yes,Two year,Yes,Bank transfer (automatic),105.4,6794.75,6,1,0,0,106.17,0,0.09428258,Low,9.93738418519497,119.24861022233964
3966-HRMZA,Female,1,No,No,3,Yes,No,Fiber optic,No,No,Yes,No,No,No,Month-to-month,No,Mailed check,75.05,202.9,2,1,1,0,67.63,0,0.51651895,Medium,38.764747232198715,465.1769667863846
5498-IBWPI,Female,0,Yes,Yes,66,Yes,No,DSL,No,No,No,Yes,No,No,One year,Yes,Credit card (automatic),49.4,3251.85,2,1,0,0,49.27,0,0.049853493,Low,2.4627625308930874,29.55315037071705
6823-SIDFQ,Male,0,No,No,28,Yes,No,No,No internet service,No internet service,No internet service,No internet service,No internet service,No internet service,One year,No,Credit card (automatic),18.25,534.7,1,0,0,0,19.1,0,0.004278383,Low,0.07808049372397363,0.9369659246876836
2323-ARSVR,Male,0,Yes,No,67,Yes,No,Fiber optic,Yes,Yes,Yes,Yes,Yes,Yes,Two year,Yes,Electronic check,111.05,7321.05,7,1,0,1,109.27,0,0.10536212,Low,11.700463125109673,140.40555750131608
5468-BPMMO,Male,0,Yes,No,46,Yes,No,No,No internet service,No internet service,No internet service,No internet service,No internet service,No internet service,Month-to-month,No,Electronic check,19.6,851.2,1,0,1,1,18.5,0,0.036755968,Low,0.720416970551014,8.645003646612167
0486-HECZI,Male,0,Yes,No,55,Yes,Yes,Fiber optic,Yes,Yes,No,No,Yes,No,Month-to-month,Yes,Electronic check,96.75,5238.9,5,1,1,1,95.25,1,0.32791793,Low,31.726060062646866,380.7127207517624
2178-PMGCJ,Male,0,No,No,22,Yes,No,Fiber optic,No,No,No,No,No,No,Month-to-month,Yes,Mailed check,69.7,1490.4,1,1,1,0,67.75,0,0.33805,Low,23.56208554506302,282.74502654075627
4660-IRIBM,Male,0,Yes,Yes,18,Yes,No,Fiber optic,Yes,No,Yes,No,Yes,No,Month-to-month,Yes,Mailed check,87.9,1500.5,4,1,1,0,83.36,0,0.35083938,Low,30.83878118991852,370.06537427902225
9674-EHPPG,Male,0,Yes,No,46,No,No phone service,DSL,Yes,No,Yes,Yes,No,No,Two year,No,Credit card (automatic),40.4,1842.7,3,1,0,0,40.06,0,0.013262064,Low,0.5357873935252427,6.429448722302913
5606-AMZBO,Female,0,Yes,No,10,Yes,Yes,Fiber optic,Yes,No,No,No,No,No,Month-to-month,Yes,Credit card (automatic),78.15,765.15,3,1,1,0,76.52,0,0.49650118,Medium,38.801567025482655,465.61880430579185
0665-XHDJU,Male,0,Yes,No,72,Yes,Yes,Fiber optic,No,Yes,No,No,Yes,Yes,Two year,Yes,Electronic check,99.4,7285.7,5,1,0,1,101.19,0,0.09819682,Low,9.760763850808145,117.12916620969773
5402-HTOTQ,Male,0,No,No,16,Yes,Yes,DSL,No,Yes,No,No,No,No,Month-to-month,No,Electronic check,55.3,875.35,3,1,1,1,54.71,0,0.302292,Low,16.71674700975418,200.60096411705015
8258-GSTJK,Male,1,No,No,3,Yes,Yes,Fiber optic,No,No,No,No,No,No,Month-to-month,Yes,Electronic check,77.0,237.75,2,1,1,1,79.25,1,0.8161692,High,62.84502857923508,754.1403429508209
3787-TRIAL,Male,0,Yes,Yes,21,No,No phone service,DSL,No,No,No,No,No,No,Month-to-month,Yes,Electronic check,26.05,565.75,0,1,1,1,26.94,0,0.34644875,Low,9.024989919364453,108.29987903237344
6175-IRFIT,Male,0,No,No,5,Yes,No,Fiber optic,No,No,No,No,No,Yes,Month-to-month,No,Mailed check,78.75,426.35,2,1,1,0,85.27,0,0.5635517,Medium,44.379698261618614,532.5563791394234
6317-YPKDH,Female,0,No,No,1,No,No phone service,DSL,No,Yes,No,No,No,No,Month-to-month,No,Bank transfer (automatic),29.95,29.95,1,1,1,0,29.95,1,0.47469828,Medium,14.21721334606409,170.60656015276908
5692-FPTAH,Female,0,No,No,1,Yes,No,DSL,No,No,No,No,No,No,Month-to-month,Yes,Mailed check,45.4,45.4,1,1,1,0,45.4,1,0.5986837,Medium,27.180240654945372,326.16288785934444
5373-SFODM,Male,1,Yes,No,36,Yes,Yes,Fiber optic,No,No,No,No,No,Yes,Month-to-month,Yes,Credit card (automatic),85.25,3132.75,3,1,1,0,87.02,1,0.45027718,Medium,38.386129550635815,460.6335546076298
0868-VJRDR,Male,0,Yes,No,64,Yes,No,Fiber optic,Yes,Yes,No,Yes,Yes,Yes,Two year,Yes,Credit card (automatic),104.05,6605.55,6,1,0,0,103.21,0,0.024200363,Low,2.5180477789603173,30.216573347523806
4079-VTGLK,Male,1,Yes,No,30,Yes,Yes,DSL,No,No,Yes,No,Yes,Yes,Two year,No,Electronic check,74.85,2181.75,5,1,0,1,72.72,0,0.06713914,Low,5.0253647234290835,60.304376681149
1166-PQLGG,Female,0,Yes,Yes,72,Yes,No,No,No internet service,No internet service,No internet service,No internet service,No internet service,No internet service,Two year,No,Bank transfer (automatic),19.55,1463.45,1,0,0,0,20.33,0,0.004058468,Low,0.07934305244125427,0.9521166292950511
5296-BFCYD,Male,0,Yes,Yes,46,Yes,No,No,No internet service,No internet service,No internet service,No internet service,No internet service,No internet service,Two year,Yes,Mailed check,20.1,936.85,1,0,0,0,20.37,0,0.0058664815,Low,0.11791627728380263,1.4149953274056317
6568-POCUI,Female,0,Yes,No,45,Yes,No,Fiber optic,No,No,No,Yes,Yes,Yes,Two year,Yes,Credit card (automatic),95.2,4285.8,4,1,0,0,95.24,0,0.048121512,Low,4.581167936325073,54.97401523590088
2839-RFSQE,Female,0,No,No,2,Yes,No,No,No internet service,No internet service,No internet service,No internet service,No internet service,No internet service,Month-to-month,No,Mailed check,20.65,38.7,1,0,1,0,19.35,1,0.17304462,Low,3.5733714431524275,42.880457317829126
2188-SXWVT,Female,0,No,No,34,Yes,No,DSL,Yes,Yes,No,No,No,No,One year,No,Mailed check,55.0,1885.15,3,1,0,0,55.45,0,0.029725987,Low,1.6349293105304241,19.61915172636509
8849-GYOKR,Female,0,Yes,No,54,Yes,Yes,Fiber optic,Yes,Yes,No,No,Yes,Yes,One year,No,Bank transfer (automatic),106.55,5763.3,6,1,0,0,106.73,1,0.23420137,Low,24.954156151413915,299.449873816967
3623-FQBOX,Male,0,No,No,21,Yes,No,No,No internet service,No internet service,No internet service,No internet service,No internet service,No internet service,Month-to-month,Yes,Mailed check,19.95,416.4,1,0,1,0,19.83,0,0.067305595,Low,1.3427466139197348,16.11295936703682
2649-HWLYB,Male,0,Yes,No,65,Yes,Yes,DSL,Yes,No,Yes,Yes,No,Yes,Two year,No,Bank transfer (automatic),76.15,4929.55,6,1,0,0,75.84,0,0.045989696,Low,3.5021153455600147,42.02538414672018
0599-XNYDO,Female,0,Yes,No,20,Yes,No,Fiber optic,No,No,No,No,No,No,Month-to-month,Yes,Bank transfer (automatic),69.8,1540.35,1,1,1,0,77.02,0,0.29644465,Low,20.691836881637574,248.3020425796509
2514-GINMM,Male,0,No,No,1,Yes,No,Fiber optic,No,No,No,No,Yes,No,Month-to-month,Yes,Electronic check,79.5,79.5,2,1,1,1,79.5,1,0.9075666,High,72.15154525637627,865.8185430765152
8401-EMUWF,Male,0,Yes,Yes,42,Yes,Yes,DSL,Yes,Yes,No,No,Yes,No,Month-to-month,Yes,Bank transfer (automatic),69.4,3058.3,5,1,1,0,72.82,0,0.13567312,Low,9.415714570879937,112.98857485055925
5766-ZJYBB,Male,0,No,No,1,Yes,No,No,No internet service,No internet service,No internet service,No internet service,No internet service,No internet service,Month-to-month,No,Mailed check,19.4,19.4,1,0,1,0,19.4,1,0.3120594,Low,6.053952407836913,72.64742889404296
2604-IJPDU,Female,0,Yes,No,20,Yes,No,Fiber optic,Yes,Yes,No,Yes,Yes,No,Month-to-month,Yes,Electronic check,96.55,1901.65,5,1,1,1,95.08,0,0.485205,Medium,46.84654223620891,562.158506834507
2501-XWWTZ,Male,0,No,No,11,Yes,No,Fiber optic,No,No,No,No,No,No,Month-to-month,No,Electronic check,70.2,760.05,1,1,1,1,69.1,0,0.38196447,Low,26.813906139135362,321.7668736696244
6370-ZVHDV,Female,0,Yes,No,61,Yes,Yes,No,No internet service,No internet service,No internet service,No internet service,No internet service,No internet service,Two year,No,Bank transfer (automatic),25.3,1554.9,2,0,0,0,25.49,0,0.008600296,Low,0.21758750025182963,2.6110500030219557
3027-YNWZU,Female,0,Yes,No,64,Yes,Yes,No,No internet service,No internet service,No internet service,No internet service,No internet service,No internet service,Two year,No,Credit card (automatic),25.0,1584.8,2,0,0,0,24.76,0,0.00931714,Low,0.23292850237339735,2.795142028480768
4526-ZJJTM,Female,1,Yes,No,25,Yes,No,Fiber optic,No,Yes,Yes,No,No,Yes,Month-to-month,No,Bank transfer (automatic),88.4,2191.15,4,1,1,0,87.65,0,0.2700093,Low,23.86882292032242,286.42587504386904
0440-QEXBZ,Female,0,No,No,44,Yes,Yes,DSL,No,No,No,No,No,No,Month-to-month,Yes,Mailed check,50.15,2139.1,2,1,1,0,48.62,0,0.14072889,Low,7.0575538784265515,84.69064654111861
0330-IVZHA,Female,0,Yes,No,5,Yes,No,Fiber optic,No,No,No,No,No,No,Month-to-month,No,Electronic check,69.95,330.15,1,1,1,1,66.03,1,0.5372703,Medium,37.582058012485504,450.98469614982605
9758-MFWGD,Female,1,Yes,Yes,48,No,No phone service,DSL,No,Yes,No,No,No,No,One year,No,Bank transfer (automatic),29.9,1388.75,1,1,0,0,28.93,0,0.09483233,Low,2.8354866951704025,34.02584034204483
4229-CZMLL,Male,0,No,No,6,Yes,Yes,Fiber optic,No,No,No,No,No,No,Month-to-month,Yes,Electronic check,74.9,469.8,2,1,1,1,78.3,1,0.7682538,High,57.54220986366273,690.5065183639528
0742-MOABM,Male,0,Yes,No,4,Yes,No,DSL,No,No,No,Yes,No,No,Month-to-month,No,Mailed check,50.05,179.35,2,1,1,0,44.84,1,0.24305604,Low,12.164955001324415,145.97946001589298
4277-BWBML,Male,0,Yes,Yes,72,Yes,No,No,No internet service,No internet service,No internet service,No internet service,No internet service,No internet service,Two year,No,Bank transfer (automatic),19.95,1322.85,1,0,0,0,18.37,0,0.004132229,Low,0.08243796662427484,0.9892555994912982
5136-GFPMB,Male,0,No,No,54,Yes,Yes,Fiber optic,No,No,Yes,No,No,Yes,Month-to-month,No,Credit card (automatic),89.4,4869.5,4,1,1,0,90.18,0,0.25683153,Low,22.960738492012027,275.5288619041443
7520-HQWJU,Female,0,Yes,Yes,66,Yes,Yes,DSL,Yes,Yes,Yes,No,No,No,Month-to-month,Yes,Bank transfer (automatic),67.45,4508.65,5,1,1,0,68.31,0,0.08040551,Low,5.423351714387536,65.08022057265043
6304-IJFSQ,Male,0,No,No,3,Yes,No,DSL,No,Yes,No,No,No,No,Month-to-month,Yes,Mailed check,49.9,130.1,2,1,1,0,43.37,1,0.40917048,Medium,20.41760688126087,245.01128257513045
0297-RBCSG,Male,0,No,No,19,Yes,No,DSL,No,Yes,No,Yes,No,Yes,One year,Yes,Bank transfer (automatic),65.35,1231.85,4,1,0,0,64.83,0,0.12301293,Low,8.038894985616206,96.46673982739448
6013-BHCAW,Male,0,Yes,Yes,61,Yes,Yes,DSL,No,No,Yes,Yes,Yes,Yes,Two year,Yes,Bank transfer (automatic),81.0,4976.15,6,1,0,0,81.58,0,0.02802894,Low,2.270344203338027,27.244130440056324
4402-FTBXC,Male,0,No,No,54,Yes,No,Fiber optic,Yes,No,Yes,No,Yes,No,Month-to-month,No,Mailed check,89.8,4667.0,4,1,1,0,86.43,0,0.16162516,Low,14.513939526677131,174.16727432012556
1471-GIQKQ,Female,0,No,No,1,Yes,No,DSL,No,Yes,No,No,No,No,Month-to-month,No,Electronic check,49.95,49.95,2,1,1,1,49.95,0,0.34003732,Low,16.98486393839121,203.81836726069452
4283-FUTGF,Male,1,No,No,19,Yes,Yes,Fiber optic,No,No,Yes,No,No,No,Month-to-month,Yes,Electronic check,79.85,1471.75,3,1,1,1,77.46,1,0.63558555,Medium,50.75150588750839,609.0180706501006
9548-LERKT,Male,0,Yes,No,24,Yes,No,No,No internet service,No internet service,No internet service,No internet service,No internet service,No internet service,Two year,No,Mailed check,19.75,483.15,1,0,0,0,20.13,0,0.008789659,Low,0.17359575629234314,2.0831490755081177
8059-UDZFY,Female,1,No,Yes,33,Yes,Yes,Fiber optic,No,Yes,Yes,No,Yes,Yes,Month-to-month,Yes,Bank transfer (automatic),105.35,3465.05,6,1,1,0,105.0,0,0.38706696,Low,40.77750427126884,489.33005125522607
0410-IPFTY,Female,0,Yes,No,31,Yes,No,Fiber optic,No,Yes,No,No,No,Yes,Month-to-month,Yes,Bank transfer (automatic),83.85,2674.15,3,1,1,0,86.26,0,0.44057098,Medium,36.941876699030395,443.30252038836477
2478-EEWWM,Male,0,Yes,No,59,No,No phone service,DSL,No,No,No,No,Yes,Yes,Month-to-month,Yes,Electronic check,44.3,2666.75,2,1,1,1,45.2,0,0.5048826,Medium,22.366298031806945,268.3955763816833
4619-EVPHY,Female,1,Yes,No,20,Yes,No,Fiber optic,No,No,No,No,Yes,Yes,One year,Yes,Bank transfer (automatic),91.0,1859.5,3,1,0,0,92.98,0,0.18557881,Low,16.887671545147896,202.65205854177475
2277-DJJDL,Male,1,Yes,No,60,Yes,Yes,Fiber optic,No,No,No,Yes,Yes,Yes,Month-to-month,Yes,Electronic check,99.0,6017.9,5,1,1,1,100.3,0,0.41193095,Medium,40.78116390109062,489.37396681308746
2911-WDXMV,Male,0,No,Yes,18,Yes,Yes,Fiber optic,No,No,Yes,No,No,No,Month-to-month,Yes,Credit card (automatic),80.55,1406.65,3,1,1,0,78.15,0,0.3166102,Low,25.502950586378574,306.0354070365429
3639-XJHKQ,Female,0,No,Yes,19,Yes,No,DSL,Yes,Yes,Yes,No,No,No,Month-to-month,Yes,Electronic check,60.6,1297.8,4,1,1,1,68.31,0,0.1791046,Low,10.853738540410996,130.24486248493196
8173-RXAYP,Female,0,Yes,Yes,24,Yes,No,No,No internet service,No internet service,No internet service,No internet service,No internet service,No internet service,Two year,No,Mailed check,19.7,452.55,1,0,0,0,18.86,0,0.008008167,Low,0.15776089280843733,1.893130713701248
4537-CIBHB,Female,0,Yes,Yes,9,Yes,No,No,No internet service,No internet service,No internet service,No internet service,No internet service,No internet service,One year,No,Mailed check,20.25,172.35,1,0,0,0,19.15,0,0.06650565,Low,1.346739375963807,16.160872511565685
5442-BXVND,Female,0,Yes,Yes,33,Yes,Yes,No,No internet service,No internet service,No internet service,No internet service,No internet service,No internet service,Month-to-month,No,Bank transfer (automatic),24.25,838.5,2,0,1,0,25.41,0,0.07351239,Low,1.782675463706255,21.39210556447506
2308-STERM,Female,0,No,No,2,Yes,No,No,No internet service,No internet service,No internet service,No internet service,No internet service,No internet service,Month-to-month,No,Mailed check,19.4,61.05,1,0,1,0,30.52,0,0.14276789,Low,2.7696970909833905,33.236365091800685
7159-NOKYQ,Male,0,Yes,No,67,Yes,Yes,Fiber optic,No,Yes,Yes,No,No,Yes,Two year,Yes,Electronic check,93.15,6368.2,5,1,0,1,95.05,0,0.11122744,Low,10.360835836082698,124.33003003299237
6075-QMNRR,Female,0,No,No,52,Yes,No,DSL,Yes,No,No,No,No,No,Month-to-month,Yes,Bank transfer (automatic),49.75,2535.55,2,1,1,0,48.76,0,0.08961034,Low,4.458114326000214,53.49737191200256
3694-GLTJM,Female,0,No,No,5,Yes,No,No,No internet service,No internet service,No internet service,No internet service,No internet service,No internet service,Month-to-month,Yes,Credit card (automatic),19.65,92.05,1,0,1,0,18.41,0,0.08205486,Low,1.6123780164867638,19.348536197841167
9629-NHXFW,Female,0,Yes,Yes,1,Yes,No,No,No internet service,No internet service,No internet service,No internet service,No internet service,No internet service,Month-to-month,Yes,Mailed check,19.4,19.4,1,0,1,0,19.4,0,0.56920516,Medium,11.042580199241637,132.51096239089964
7167-PCEYD,Male,0,No,No,67,Yes,No,No,No internet service,No internet service,No internet service,No internet service,No internet service,No internet service,Two year,Yes,Mailed check,19.8,1311.3,1,0,0,0,19.57,0,0.0126727205,Low,0.25091986544430256,3.0110383853316307
2748-MYRVK,Female,0,No,No,63,Yes,Yes,Fiber optic,No,Yes,No,No,Yes,Yes,One year,No,Bank transfer (automatic),99.9,6137.0,5,1,0,0,97.41,1,0.12123736,Low,12.11161225810647,145.33934709727765
4223-WOZCM,Male,1,No,No,2,Yes,No,DSL,No,No,Yes,No,No,No,Month-to-month,No,Mailed check,49.95,107.1,2,1,1,0,53.55,0,0.5601466,Medium,27.97932118177414,335.7518541812897
6946-LMSQS,Male,1,Yes,No,25,Yes,Yes,Fiber optic,Yes,No,No,No,No,Yes,One year,Yes,Electronic check,89.05,2177.45,4,1,0,1,87.1,1,0.19305696,Low,17.191721925884483,206.3006631106138
5469-NUJUR,Male,0,No,No,19,Yes,No,No,No internet service,No internet service,No internet service,No internet service,No internet service,No internet service,Two year,Yes,Mailed check,19.95,373.5,1,0,0,0,19.66,0,0.013377189,Low,0.26687491466291247,3.2024989759549496
6388-TABGU,Male,0,No,Yes,62,Yes,No,DSL,Yes,Yes,No,No,No,No,One year,No,Bank transfer (automatic),56.15,3487.95,3,1,0,0,56.26,0,0.015548712,Low,0.8730601587332785,10.47672190479934
1261-FWTTE,Male,1,No,No,23,No,No phone service,DSL,No,No,No,No,No,Yes,Month-to-month,Yes,Bank transfer (automatic),34.65,768.45,1,1,1,0,33.41,0,0.45125616,Medium,15.636025804281234,187.6323096513748
8590-YFFQO,Male,0,Yes,No,70,Yes,No,DSL,Yes,Yes,Yes,Yes,No,No,Two year,No,Credit card (automatic),64.95,4523.25,5,1,0,0,64.62,0,0.013463195,Low,0.8744345420971513,10.493214505165817
0082-OQIQY,Male,0,No,No,29,Yes,No,Fiber optic,No,No,No,Yes,Yes,Yes,Month-to-month,Yes,Electronic check,94.2,2607.6,4,1,1,1,89.92,0,0.40501744,Medium,38.15264242887497,457.83170914649963
9465-RWMXL,Male,0,Yes,No,32,Yes,Yes,Fiber optic,No,No,Yes,No,No,No,Month-to-month,Yes,Electronic check,78.9,2447.95,3,1,1,1,76.5,1,0.5523473,Medium,43.58020216226578,522.9624259471893
2930-UOTMB,Female,0,No,No,31,Yes,Yes,DSL,Yes,No,Yes,Yes,No,No,Month-to-month,No,Credit card (automatic),65.25,1994.3,5,1,1,0,64.33,1,0.06352321,Low,4.144889490678906,49.73867388814688
9128-CPXKI,Female,0,No,No,59,Yes,No,Fiber optic,No,No,Yes,No,Yes,Yes,Two year,No,Electronic check,95.8,5655.45,4,1,0,1,95.86,0,0.08294053,Low,7.945702420175075,95.3484290421009
0484-FFVBJ,Male,0,No,No,32,Yes,No,DSL,No,No,No,No,Yes,Yes,One year,Yes,Bank transfer (automatic),64.85,2010.95,3,1,0,0,62.84,0,0.101955704,Low,6.611827429756522,79.34192915707825
1100-DDVRV,Male,0,Yes,No,17,No,No phone service,DSL,No,Yes,No,No,Yes,Yes,Month-to-month,Yes,Mailed check,49.8,836.35,3,1,1,0,49.2,0,0.38878417,Low,19.361451673507688,232.33742008209225
9313-QOLTZ,Male,0,No,No,26,Yes,No,No,No internet service,No internet service,No internet service,No internet service,No internet service,No internet service,Month-to-month,No,Mailed check,20.9,518.3,1,0,1,0,19.93,0,0.03242534,Low,0.6776896115392446,8.132275338470935
3338-CVVEH,Male,0,No,No,12,Yes,Yes,Fiber optic,No,No,No,No,Yes,Yes,Month-to-month,No,Electronic check,94.55,1173.55,4,1,1,1,97.8,0,0.7490005,High,70.81799630224704,849.8159556269645
1131-SUEKT,Male,0,Yes,Yes,61,Yes,No,Fiber optic,No,Yes,No,Yes,Yes,Yes,One year,Yes,Bank transfer (automatic),98.45,6145.2,5,1,0,0,100.74,0,0.104735136,Low,10.311174142360688,123.73408970832826
7602-DBTOU,Female,0,Yes,No,71,Yes,No,No,No internet service,No internet service,No internet service,No internet service,No internet service,No internet service,Two year,No,Mailed check,19.6,1416.5,1,0,0,0,19.95,0,0.005959085,Low,0.11679806970059872,1.4015768364071848
1385-TQOZW,Female,0,No,No,9,Yes,No,No,No internet service,No internet service,No internet service,No internet service,No internet service,No internet service,Month-to-month,Yes,Credit card (automatic),20.45,147.55,1,0,1,0,16.39,0,0.059809264,Low,1.2230994446203112,14.677193335443734
6892-XPFPU,Male,1,Yes,No,24,Yes,Yes,Fiber optic,No,Yes,Yes,No,Yes,Yes,Month-to-month,Yes,Electronic check,104.25,2433.9,6,1,1,1,101.41,1,0.7439332,High,77.55503618717194,930.6604342460632
4115-NZRKS,Female,1,No,No,7,Yes,No,Fiber optic,No,No,No,No,Yes,Yes,Month-to-month,Yes,Electronic check,89.15,574.35,3,1,1,1,82.05,0,0.644752,Medium,57.479643082618715,689.7557169914246
5514-YQENT,Male,0,No,Yes,41,Yes,No,Fiber optic,Yes,Yes,Yes,Yes,Yes,Yes,Two year,Yes,Electronic check,111.15,4507.15,7,1,0,1,109.93,0,0.10627846,Low,11.81285046748817,141.75420560985805
6319-IEJWJ,Male,0,Yes,Yes,20,Yes,No,Fiber optic,No,No,No,No,Yes,Yes,Month-to-month,Yes,Electronic check,90.2,1776.55,3,1,1,1,88.83,1,0.50303465,Medium,45.373725545406344,544.4847065448762
8849-AYPTR,Male,0,Yes,No,33,Yes,No,Fiber optic,No,No,No,No,Yes,Yes,Month-to-month,No,Electronic check,91.25,2964.05,3,1,1,1,89.82,0,0.34847498,Low,31.798341870307922,381.58010244369507
5893-PYOLZ,Male,0,No,No,56,Yes,No,DSL,No,Yes,Yes,Yes,Yes,Yes,Two year,Yes,Credit card (automatic),81.8,4534.45,6,1,0,0,80.97,0,0.020184588,Low,1.6510992728173732,19.813191273808478
7180-PISOG,Male,0,Yes,Yes,1,Yes,Yes,Fiber optic,No,No,No,No,No,No,Month-to-month,Yes,Electronic check,74.5,74.5,2,1,1,1,74.5,1,0.869977,High,64.81328630447388,777.7594356536865
8443-ZRDBZ,Male,0,No,No,4,Yes,Yes,Fiber optic,No,No,No,No,No,No,Month-to-month,Yes,Electronic check,76.05,318.9,2,1,1,1,79.72,1,0.7731178,High,58.79560722112655,705.5472866535187
9079-YEXQJ,Female,0,No,No,54,Yes,Yes,Fiber optic,No,Yes,Yes,Yes,Yes,Yes,Month-to-month,No,Electronic check,111.1,6014.85,7,1,1,1,111.39,1,0.27435002,Low,30.48028692305088,365.76344307661054
3780-YVMFA,Female,0,Yes,Yes,8,Yes,No,DSL,No,No,No,Yes,Yes,Yes,Month-to-month,Yes,Electronic check,68.55,564.35,4,1,1,1,70.54,0,0.29486874,Low,20.213251952826976,242.5590234339237
6968-MHOMU,Male,0,Yes,No,58,No,No phone service,DSL,No,No,No,No,Yes,Yes,One year,Yes,Credit card (automatic),45.0,2689.35,2,1,0,0,46.37,0,0.2623511,Low,11.805799305438995,141.66959166526794
0899-LIIBW,Male,0,Yes,No,34,Yes,Yes,Fiber optic,No,No,Yes,No,Yes,Yes,Month-to-month,No,Electronic check,100.85,3527.3,5,1,1,1,103.74,0,0.4737984,Medium,47.78256805539131,573.3908166646956
3677-IYRBF,Female,1,No,No,2,No,No phone service,DSL,No,No,Yes,No,No,No,Month-to-month,Yes,Electronic check,30.4,78.65,1,1,1,1,39.33,1,0.8331872,High,25.328891563415525,303.9466987609863
8393-DLHGA,Male,0,No,Yes,25,Yes,No,Fiber optic,No,Yes,No,No,Yes,Yes,Month-to-month,Yes,Electronic check,95.9,2448.75,4,1,1,1,97.95,1,0.53466636,Medium,51.274503868818286,615.2940464258195
7691-XVTZH,Female,0,Yes,No,68,Yes,Yes,Fiber optic,No,No,Yes,No,Yes,No,Two year,Yes,Bank transfer (automatic),89.95,5974.3,4,1,0,0,87.86,0,0.058609217,Low,5.271899105608464,63.262789267301564
5360-LJCNJ,Female,0,Yes,No,71,Yes,Yes,Fiber optic,No,Yes,Yes,No,Yes,Yes,Two year,Yes,Bank transfer (automatic),105.15,7555.0,6,1,0,0,106.41,0,0.21798517,Low,22.92114042565227,275.0536851078272
3891-PUQOD,Female,0,No,Yes,1,Yes,No,DSL,No,No,Yes,No,No,Yes,Month-to-month,No,Electronic check,59.2,59.2,3,1,1,1,59.2,1,0.63756645,Medium,37.74393367767334,452.9272041320801
0952-KMEEH,Male,0,No,No,13,Yes,Yes,Fiber optic,Yes,No,No,No,Yes,Yes,Month-to-month,No,Mailed check,98.15,1230.25,5,1,1,0,94.63,1,0.6445891,Medium,63.266422727704054,759.1970727324486
4919-IKATY,Male,0,Yes,Yes,5,Yes,Yes,Fiber optic,Yes,No,Yes,No,No,No,Month-to-month,Yes,Electronic check,84.5,453.75,4,1,1,1,90.75,1,0.69204193,Medium,58.477543383836746,701.730520606041
9746-UGFAC,Female,0,No,No,22,Yes,No,No,No internet service,No internet service,No internet service,No internet service,No internet service,No internet service,One year,No,Bank transfer (automatic),20.85,450.65,1,0,0,0,20.48,0,0.031150864,Low,0.6494955235160887,7.793946282193065
9108-EQPNQ,Female,0,Yes,Yes,10,Yes,Yes,No,No internet service,No internet service,No internet service,No internet service,No internet service,No internet service,Two year,No,Credit card (automatic),26.1,225.55,2,0,0,0,22.56,0,0.017639687,Low,0.46039583813399076,5.524750057607889
0531-ZZJWQ,Male,1,Yes,No,55,Yes,Yes,Fiber optic,No,No,No,No,No,No,Month-to-month,Yes,Electronic check,74.0,4052.4,2,1,1,1,73.68,0,0.4019963,Medium,29.747727274894714,356.9727272987366
8763-KIAFH,Female,0,Yes,Yes,27,Yes,No,No,No internet service,No internet service,No internet service,No internet service,No internet service,No internet service,One year,Yes,Mailed check,20.55,583.3,1,0,0,0,21.6,0,0.015417964,Low,0.31683916426263753,3.80206997115165
5863-OOKCL,Female,0,No,No,10,Yes,No,No,No internet service,No internet service,No internet service,No internet service,No internet service,No internet service,Month-to-month,No,Mailed check,18.85,163.2,1,0,1,0,16.32,0,0.021070078,Low,0.39717097058892253,4.76605164706707
2958-NHPPS,Male,0,No,No,23,Yes,No,No,No internet service,No internet service,No internet service,No internet service,No internet service,No internet service,Month-to-month,No,Electronic check,20.85,473.9,1,0,1,1,20.6,0,0.057673927,Low,1.2025013862177731,14.430016634613278
9530-GRMJG,Male,0,Yes,Yes,70,Yes,Yes,DSL,No,Yes,Yes,Yes,Yes,Yes,Two year,Yes,Electronic check,84.1,5979.7,7,1,0,1,85.42,0,0.0370086,Low,3.1124231293797493,37.34907755255699
1809-DMJHQ,Female,0,No,Yes,5,Yes,No,DSL,No,No,No,No,No,No,Month-to-month,No,Mailed check,46.0,221.7,1,1,1,0,44.34,1,0.30365488,Low,13.968124449253082,167.617493391037
0164-XAIRP,Female,0,No,No,24,Yes,No,No,No internet service,No internet service,No internet service,No internet service,No internet service,No internet service,Two year,Yes,Bank transfer (automatic),19.55,470.2,1,0,0,0,19.59,0,0.0142929675,Low,0.27942751473747196,3.3531301768496635
2926-JEJJC,Female,0,No,No,8,Yes,No,No,No internet service,No internet service,No internet service,No internet service,No internet service,No internet service,One year,Yes,Bank transfer (automatic),20.2,140.95,1,0,0,0,17.62,0,0.030910503,Low,0.6243921630084515,7.4927059561014175
1169-WCVAK,Male,0,Yes,No,19,Yes,Yes,Fiber optic,Yes,Yes,No,Yes,No,No,Month-to-month,Yes,Credit card (automatic),88.8,1672.35,5,1,1,0,88.02,0,0.24786456,Low,22.010372865200043,264.12447438240054
1217-VASWC,Male,1,Yes,No,43,Yes,No,Fiber optic,No,Yes,Yes,No,Yes,Yes,One year,Yes,Bank transfer (automatic),100.55,4304.0,5,1,0,0,100.09,0,0.25064752,Low,25.20260763913393,302.43129166960716
2452-KDRRH,Male,1,No,No,67,Yes,Yes,Fiber optic,No,No,Yes,No,Yes,Yes,Month-to-month,Yes,Credit card (automatic),101.4,6841.05,5,1,1,0,102.11,0,0.55936015,Medium,56.719118857383734,680.6294262886048
6402-EJMWF,Male,0,No,No,4,Yes,No,DSL,No,No,No,No,No,Yes,Month-to-month,Yes,Mailed check,55.3,238.5,2,1,1,0,59.62,0,0.36101207,Low,19.96396754682064,239.5676105618477
7663-CUXZB,Male,0,Yes,No,59,Yes,Yes,Fiber optic,Yes,Yes,Yes,Yes,Yes,Yes,Two year,No,Electronic check,113.75,6561.25,8,1,0,1,111.21,0,0.07412718,Low,8.431966993957758,101.1836039274931
4312-KFRXN,Male,0,Yes,No,72,Yes,Yes,No,No internet service,No internet service,No internet service,No internet service,No internet service,No internet service,Two year,No,Mailed check,25.4,1710.9,2,0,0,0,23.76,0,0.0041428744,Low,0.10522900940850377,1.2627481129020452
3011-WQKSZ,Male,0,No,Yes,19,Yes,No,No,No internet service,No internet service,No internet service,No internet service,No internet service,No internet service,Month-to-month,Yes,Electronic check,20.0,377.55,1,0,1,1,19.87,0,0.109180935,Low,2.1836186945438385,26.203424334526062
9747-DDZOS,Female,0,No,No,1,Yes,No,Fiber optic,No,No,Yes,No,No,No,Month-to-month,No,Bank transfer (automatic),73.5,73.5,2,1,1,0,73.5,1,0.7405092,High,54.42742708325386,653.1291249990463
2091-MJTFX,Female,0,Yes,Yes,30,No,No phone service,DSL,No,No,No,Yes,Yes,Yes,Month-to-month,No,Credit card (automatic),51.2,1561.5,3,1,1,0,52.05,1,0.0735728,Low,3.7669273376464845,45.203128051757815
0388-EOPEX,Female,0,Yes,No,2,Yes,No,Fiber optic,Yes,No,No,No,No,No,Month-to-month,Yes,Electronic check,74.4,139.4,2,1,1,1,69.7,1,0.50516725,Medium,37.58444309234619,451.0133171081543
3161-ONRWK,Male,0,Yes,Yes,60,Yes,No,DSL,Yes,Yes,Yes,Yes,No,No,One year,Yes,Bank transfer (automatic),65.85,3928.3,5,1,0,0,65.47,0,0.010488596,Low,0.690674034319818,8.288088411837816
2587-EKXTS,Male,0,No,No,44,Yes,Yes,Fiber optic,Yes,Yes,Yes,No,Yes,Yes,Month-to-month,Yes,Electronic check,111.5,4915.15,7,1,1,1,111.71,0,0.27913103,Low,31.12310929596424,373.4773115515709
9752-ZNQUT,Female,0,No,No,1,Yes,No,DSL,No,Yes,No,No,No,No,Month-to-month,Yes,Electronic check,48.6,48.6,2,1,1,1,48.6,0,0.6546133,Medium,31.814207160472872,381.77048592567445
9572-WUKSB,Male,0,Yes,No,3,No,No phone service,DSL,No,No,No,Yes,No,No,Month-to-month,Yes,Electronic check,29.9,92.25,1,1,1,1,30.75,0,0.46004713,Medium,13.755409061908722,165.06490874290466
3836-FZSDJ,Male,1,Yes,No,71,Yes,Yes,No,No internet service,No internet service,No internet service,No internet service,No internet service,No internet service,Two year,No,Bank transfer (automatic),24.85,1901.0,2,0,0,0,26.77,0,0.0074411463,Low,0.1849124855361879,2.2189498264342546
8805-JNRAZ,Female,0,No,No,2,Yes,No,DSL,No,Yes,No,No,No,No,Month-to-month,No,Mailed check,49.2,103.7,2,1,1,0,51.85,0,0.35918513,Low,17.671908366680146,212.06290040016177
3069-SSVSN,Female,0,No,No,1,No,No phone service,DSL,No,No,No,No,No,No,One year,No,Mailed check,25.85,25.85,0,1,0,0,25.85,0,0.10365356,Low,2.6794444639235735,32.15333356708288
8015-IHCGW,Female,0,Yes,Yes,72,Yes,Yes,Fiber optic,Yes,Yes,Yes,Yes,Yes,Yes,Two year,Yes,Electronic check,115.5,8425.15,8,1,0,1,117.02,0,0.010010674,Low,1.1562328082509339,13.874793699011207
8132-YPVBX,Female,0,No,No,6,Yes,No,Fiber optic,No,Yes,No,No,No,Yes,Month-to-month,Yes,Mailed check,85.95,514.6,3,1,1,0,85.77,0,0.69303554,Medium,59.56640491783619,714.7968590140342
0235-KGSLC,Female,0,No,No,1,Yes,No,Fiber optic,No,No,Yes,No,Yes,No,Month-to-month,Yes,Credit card (automatic),85.55,85.55,3,1,1,0,85.55,1,0.8227907,High,70.38974287211894,844.6769144654273
1302-UHBDD,Male,1,No,No,20,Yes,No,Fiber optic,No,No,No,No,Yes,Yes,Month-to-month,No,Electronic check,89.95,1648.45,3,1,1,1,82.42,0,0.42250007,Medium,38.00388164818287,456.0465797781944
3722-WPXTK,Male,0,No,No,1,Yes,No,Fiber optic,No,No,No,No,Yes,Yes,Month-to-month,Yes,Electronic check,88.35,88.35,3,1,1,1,88.35,1,0.8451298,High,74.66721676290035,896.0066011548042
7531-GQHME,Male,0,No,No,12,Yes,No,No,No internet service,No internet service,No internet service,No internet service,No internet service,No internet service,Month-to-month,No,Credit card (automatic),20.05,265.45,1,0,1,0,22.12,0,0.07078902,Low,1.419319786503911,17.031837438046935
1335-NTIUC,Male,0,No,No,9,No,No phone service,DSL,No,No,No,No,No,No,Month-to-month,Yes,Electronic check,24.95,190.25,0,1,1,1,21.14,0,0.45559677,Medium,11.367139531672,136.405674380064
9367-TCUYN,Female,0,No,No,12,Yes,No,No,No internet service,No internet service,No internet service,No internet service,No internet service,No internet service,Month-to-month,No,Mailed check,20.1,223.6,1,0,1,0,18.63,0,0.075733274,Low,1.5222388118505479,18.266865742206576
1536-HBSWP,Female,0,No,No,1,Yes,No,DSL,No,No,No,Yes,No,No,Month-to-month,Yes,Electronic check,49.9,49.9,2,1,1,1,49.9,0,0.39049092,Low,19.48549687564373,233.82596250772474
8573-JGCZW,Male,0,No,No,17,Yes,No,No,No internet service,No internet service,No internet service,No internet service,No internet service,No internet service,One year,Yes,Bank transfer (automatic),19.65,351.55,1,0,0,0,20.68,0,0.027366728,Low,0.5377561971545219,6.453074365854263
2694-CIUMO,Female,0,No,No,12,Yes,Yes,Fiber optic,No,No,No,Yes,No,No,Month-to-month,Yes,Credit card (automatic),79.55,958.25,3,1,1,0,79.85,0,0.53020686,Medium,42.17795564234257,506.1354677081108
2027-FECZV,Male,0,No,No,12,Yes,Yes,Fiber optic,No,Yes,Yes,No,Yes,Yes,Month-to-month,Yes,Electronic check,106.7,1253.9,6,1,1,1,104.49,1,0.68746674,Medium,73.35270122289658,880.232414674759
9103-TCIHJ,Female,0,No,No,15,Yes,Yes,DSL,Yes,No,No,No,No,No,Month-to-month,Yes,Mailed check,55.7,899.8,3,1,1,0,59.99,1,0.22487053,Low,12.525288674235345,150.30346409082415
1545-JFUML,Male,0,Yes,No,71,Yes,Yes,Fiber optic,Yes,Yes,Yes,No,Yes,No,Two year,Yes,Electronic check,99.0,6994.6,6,1,0,1,98.52,0,0.03663522,Low,3.626886785030365,43.52264142036438
0524-IAVZO,Female,0,Yes,No,30,Yes,Yes,Fiber optic,No,No,No,No,No,Yes,Month-to-month,Yes,Electronic check,85.0,2624.25,3,1,1,1,87.48,1,0.5988006,Medium,50.89805096387863,610.7766115665436
5519-TEEUH,Male,0,No,Yes,33,Yes,No,No,No internet service,No internet service,No internet service,No internet service,No internet service,No internet service,One year,Yes,Mailed check,20.15,682.15,1,0,0,0,20.67,0,0.013422186,Low,0.27045703893527384,3.245484467223286
6654-QGBZZ,Female,0,No,No,1,Yes,No,No,No internet service,No internet service,No internet service,No internet service,No internet service,No internet service,Month-to-month,No,Mailed check,19.9,19.9,1,0,1,0,19.9,0,0.4683152,Medium,9.319472756981849,111.83367308378219
2294-DMMUS,Female,0,Yes,Yes,62,Yes,Yes,DSL,No,No,No,No,Yes,Yes,Month-to-month,Yes,Credit card (automatic),70.45,4300.45,4,1,1,0,69.36,0,0.111324675,Low,7.842823380604386,94.11388056725264
0017-IUDMW,Female,0,Yes,Yes,72,Yes,Yes,Fiber optic,Yes,Yes,Yes,Yes,Yes,Yes,Two year,Yes,Credit card (automatic),116.8,8456.75,8,1,0,0,117.45,0,0.008062911,Low,0.9417480304837227,11.300976365804672
5018-LXQQG,Female,0,Yes,Yes,30,Yes,No,DSL,Yes,No,No,Yes,No,Yes,Month-to-month,No,Bank transfer (automatic),66.3,1923.5,4,1,1,0,64.12,0,0.07886339,Low,5.228642743080854,62.74371291697025
5808-TOTXO,Female,0,No,Yes,3,Yes,No,No,No internet service,No internet service,No internet service,No internet service,No internet service,No internet service,One year,Yes,Credit card (automatic),20.55,57.4,1,0,0,0,19.13,0,0.040724535,Low,0.8368891848251224,10.042670217901469
1174-FGIFN,Female,0,Yes,Yes,28,Yes,Yes,Fiber optic,No,No,No,Yes,No,Yes,One year,Yes,Electronic check,90.45,2509.25,4,1,0,1,89.62,0,0.18367031,Low,16.612979735434056,199.3557568252087
0730-KOAVE,Male,0,No,No,30,Yes,Yes,Fiber optic,Yes,Yes,No,No,No,Yes,Month-to-month,Yes,Credit card (automatic),94.3,2679.7,5,1,1,0,89.32,0,0.35517403,Low,33.49291148483753,401.91493781805036
1218-VKFPE,Female,0,Yes,Yes,12,Yes,No,No,No internet service,No internet service,No internet service,No internet service,No internet service,No internet service,Month-to-month,No,Mailed check,19.0,233.55,1,0,1,0,19.46,1,0.05606477,Low,1.0652306228876114,12.782767474651337
5313-FPXWG,Male,0,No,No,51,Yes,Yes,No,No internet service,No internet service,No internet service,No internet service,No internet service,No internet service,One year,Yes,Bank transfer (automatic),24.6,1266.4,2,0,0,0,24.83,0,0.023465367,Low,0.5772480290383101,6.926976348459721
2834-JKOOW,Female,0,No,No,15,No,No phone service,DSL,Yes,Yes,Yes,Yes,No,No,One year,No,Mailed check,45.9,693.45,4,1,0,0,46.23,0,0.065341614,Low,2.9991800911724567,35.99016109406948
9430-NKQLY,Male,0,Yes,Yes,72,Yes,Yes,No,No internet service,No internet service,No internet service,No internet service,No internet service,No internet service,Two year,Yes,Credit card (automatic),25.1,1790.8,2,0,0,0,24.87,0,0.0036501554,Low,0.09161890014074743,1.0994268016889692
0363-QJVFX,Male,0,No,No,32,Yes,Yes,Fiber optic,Yes,Yes,No,Yes,Yes,Yes,Month-to-month,Yes,Credit card (automatic),108.15,3432.9,7,1,1,0,107.28,1,0.17074436,Low,18.466002479195595,221.59202975034714
1658-TJVOA,Female,1,No,No,6,Yes,No,Fiber optic,Yes,No,No,No,No,No,Month-to-month,Yes,Electronic check,74.1,450.9,2,1,1,1,75.15,0,0.492597,Medium,36.50143871605396,438.0172645926475
6685-GBWJZ,Male,0,Yes,No,63,Yes,No,DSL,Yes,Yes,No,Yes,Yes,No,One year,No,Credit card (automatic),70.8,4448.8,5,1,0,0,70.62,0,0.02574338,Low,1.8226313173770903,21.871575808525083
6328-ZPBGN,Female,1,No,No,11,Yes,Yes,Fiber optic,No,No,No,No,Yes,Yes,Month-to-month,Yes,Bank transfer (automatic),95.15,997.65,4,1,1,0,90.7,1,0.75746644,High,72.0729313313961,864.8751759767533
4003-FUSHP,Male,0,No,No,19,Yes,No,DSL,No,No,No,Yes,Yes,No,Month-to-month,Yes,Credit card (automatic),61.55,1093.2,3,1,1,0,57.54,0,0.20239633,Low,12.457494309544563,149.48993171453475
7690-KPNCU,Male,0,Yes,Yes,64,Yes,No,DSL,Yes,No,Yes,No,Yes,Yes,One year,Yes,Credit card (automatic),73.05,4688.65,5,1,0,0,73.26,0,0.07054669,Low,5.153435459733009,61.84122551679611
2969-WGHQO,Female,0,Yes,Yes,7,Yes,No,DSL,Yes,Yes,Yes,No,Yes,No,One year,No,Electronic check,69.45,477.05,5,1,0,1,68.15,0,0.089450575,Low,6.212342462316156,74.54810954779387
1855-CFULU,Female,1,No,No,4,Yes,No,No,No internet service,No internet service,No internet service,No internet service,No internet service,No internet service,Month-to-month,No,Mailed check,20.05,91.45,1,0,1,0,22.86,0,0.19026928,Low,3.814898993819952,45.778787925839424
9788-YTFGE,Male,0,No,No,7,Yes,No,No,No internet service,No internet service,No internet service,No internet service,No internet service,No internet service,Month-to-month,Yes,Mailed check,19.95,147.5,1,0,1,0,21.07,0,0.0768743,Low,1.5336423017084597,18.403707620501518
8266-VBFQL,Male,0,No,No,4,Yes,No,Fiber optic,No,No,Yes,Yes,No,Yes,Month-to-month,Yes,Electronic check,90.4,356.65,4,1,1,1,89.16,0,0.61699045,Medium,55.775936412811284,669.3112369537354
2325-NBPZG,Female,0,No,No,3,Yes,No,Fiber optic,Yes,No,No,No,No,No,Month-to-month,Yes,Electronic check,74.55,233.65,2,1,1,1,77.88,0,0.4668174,Medium,34.801237826049324,417.6148539125919
9906-NHHVC,Female,1,No,No,65,No,No phone service,DSL,No,Yes,Yes,No,Yes,Yes,Two year,Yes,Bank transfer (automatic),53.5,3517.9,4,1,0,0,54.12,0,0.056690063,Low,3.0329183880239725,36.39502065628767
2541-YGPKE,Male,0,Yes,Yes,42,Yes,No,DSL,Yes,No,No,Yes,No,Yes,One year,No,Credit card (automatic),63.7,2763.35,4,1,0,0,65.79,0,0.09427368,Low,6.005233349651099,72.06280019581318
5049-MUBWG,Male,0,No,No,26,Yes,No,DSL,Yes,No,No,Yes,Yes,Yes,One year,No,Bank transfer (automatic),75.0,1908.35,5,1,0,0,73.4,0,0.04488164,Low,3.3661228604614735,40.39347432553768
2332-TODQS,Female,0,No,No,48,Yes,Yes,No,No internet service,No internet service,No internet service,No internet service,No internet service,No internet service,One year,No,Credit card (automatic),25.05,1171.5,2,0,0,0,24.41,0,0.030409148,Low,0.7617491564713419,9.140989877656104
4419-UJMUS,Male,0,Yes,Yes,69,Yes,Yes,Fiber optic,No,No,No,Yes,Yes,Yes,Two year,Yes,Electronic check,99.35,6856.45,5,1,0,1,99.37,0,0.10718205,Low,10.648536494746804,127.78243793696164
2233-TXSIU,Male,0,Yes,Yes,17,No,No phone service,DSL,Yes,No,Yes,No,Yes,No,One year,No,Credit card (automatic),44.45,792.15,3,1,0,0,46.6,0,0.076308236,Low,3.391901069134474,40.70281282961369
6770-XUAGN,Female,0,Yes,Yes,1,Yes,No,No,No internet service,No internet service,No internet service,No internet service,No internet service,No internet service,Month-to-month,Yes,Electronic check,21.0,21.0,1,0,1,1,21.0,1,0.48482472,Medium,10.181319057941437,122.17582869529724
2919-HBCJO,Female,0,No,No,4,Yes,No,Fiber optic,No,Yes,No,No,No,No,Month-to-month,Yes,Bank transfer (automatic),76.65,333.6,2,1,1,0,83.4,1,0.7094417,High,54.37870794832707,652.5444953799248
9508-ILZDG,Female,1,No,No,34,Yes,Yes,Fiber optic,No,Yes,No,Yes,Yes,No,Month-to-month,Yes,Electronic check,96.35,3190.25,5,1,1,1,93.83,0,0.42927724,Medium,41.360862192511554,496.3303463101387
5442-BHQNG,Female,0,No,No,2,Yes,No,Fiber optic,No,No,No,No,No,No,Month-to-month,No,Electronic check,70.35,139.25,1,1,1,1,69.62,0,0.5297591,Medium,37.2685533195734,447.2226398348808
7250-EQKIY,Female,0,Yes,Yes,1,Yes,No,DSL,No,No,Yes,No,No,No,Month-to-month,No,Mailed check,50.45,50.45,2,1,1,0,50.45,1,0.5716168,Medium,28.838068994879723,346.0568279385567
6838-HVLXG,Female,0,No,No,12,Yes,No,No,No internet service,No internet service,No internet service,No internet service,No internet service,No internet service,Month-to-month,No,Mailed check,20.3,246.7,1,0,1,0,20.56,0,0.055019144,Low,1.1168886225670576,13.40266347080469
9767-FFLEM,Male,0,No,No,38,Yes,No,Fiber optic,No,No,No,No,No,No,Month-to-month,Yes,Credit card (automatic),69.5,2625.25,1,1,1,0,69.09,0,0.39215124,Low,27.254510939121246,327.05413126945496
2245-ADZFJ,Female,0,Yes,Yes,31,Yes,Yes,DSL,No,Yes,No,Yes,Yes,Yes,Two year,No,Bank transfer (automatic),80.55,2471.6,6,1,0,0,79.73,0,0.026227362,Low,2.112614045664668,25.351368547976016
1150-WFARN,Female,0,Yes,Yes,67,Yes,Yes,Fiber optic,Yes,No,Yes,Yes,Yes,Yes,Two year,Yes,Credit card (automatic),108.75,7156.2,7,1,0,0,106.81,1,0.17002042,Low,18.489720281213522,221.87664337456226
9054-FOWNV,Male,0,Yes,Yes,22,Yes,Yes,Fiber optic,No,No,Yes,No,Yes,No,Month-to-month,Yes,Electronic check,88.75,1885.15,4,1,1,1,85.69,0,0.5815828,Medium,51.61547213792801,619.3856656551361
7997-EASSD,Female,0,Yes,No,63,Yes,Yes,Fiber optic,No,No,No,Yes,No,No,One year,Yes,Credit card (automatic),81.2,4965.1,3,1,0,0,78.81,0,0.04410403,Low,3.5812471136450768,42.97496536374092
7560-QJAVJ,Female,0,No,No,70,Yes,No,DSL,Yes,No,Yes,Yes,Yes,Yes,Two year,No,Bank transfer (automatic),79.6,5589.45,6,1,0,0,79.85,0,0.028573116,Low,2.2744200564920902,27.293040677905083
2668-TZSPS,Male,0,No,No,1,Yes,No,No,No internet service,No internet service,No internet service,No internet service,No internet service,No internet service,Month-to-month,No,Mailed check,20.45,20.45,1,0,1,0,20.45,0,0.20577587,Low,4.208116579800844,50.49739895761013
9139-WQQDY,Female,0,Yes,Yes,49,Yes,Yes,Fiber optic,No,Yes,No,No,Yes,Yes,One year,No,Mailed check,100.45,4941.8,5,1,0,0,100.85,1,0.10421286,Low,10.468181564286352,125.61817877143622
6726-NNFWD,Female,1,Yes,No,71,Yes,No,Fiber optic,No,Yes,Yes,No,No,Yes,Two year,No,Credit card (automatic),89.45,6435.25,4,1,0,0,90.64,0,0.03632831,Low,3.2495671760290863,38.99480611234904
9330-DHBFL,Female,0,Yes,Yes,23,Yes,No,DSL,Yes,Yes,Yes,Yes,No,No,One year,Yes,Mailed check,66.25,1533.8,5,1,0,0,66.69,0,0.038801555,Low,2.570602991618216,30.847235899418592
5727-MYATE,Male,0,Yes,Yes,72,Yes,Yes,DSL,Yes,Yes,Yes,Yes,Yes,Yes,Two year,Yes,Credit card (automatic),90.8,6397.6,8,1,0,0,88.86,0,0.003668915,Low,0.33313748333603144,3.9976498000323772
2824-DXNKN,Female,0,Yes,Yes,72,Yes,Yes,DSL,Yes,No,Yes,No,Yes,No,Two year,Yes,Bank transfer (automatic),71.45,5025.85,5,1,0,0,69.8,0,0.013986584,Low,0.9993414124473929,11.992096949368715
6166-ILMNY,Female,0,No,No,2,Yes,No,Fiber optic,No,No,No,No,No,No,Month-to-month,No,Bank transfer (automatic),69.75,144.55,1,1,1,0,72.28,1,0.49159694,Medium,34.28888636827469,411.46663641929626
5236-XMZJY,Female,0,No,No,42,Yes,No,DSL,Yes,Yes,Yes,No,No,No,Month-to-month,No,Bank transfer (automatic),59.65,2536.55,4,1,1,0,60.39,0,0.13416941,Low,8.003205583244561,96.03846699893474
1709-EJDOX,Female,0,Yes,Yes,47,Yes,No,No,No internet service,No internet service,No internet service,No internet service,No internet service,No internet service,Two year,No,Mailed check,19.75,948.9,1,0,0,0,20.19,0,0.009565239,Low,0.1889134671073407,2.2669616052880883
4962-CHQPW,Male,0,No,Yes,29,Yes,No,No,No internet service,No internet service,No internet service,No internet service,No internet service,No internet service,One year,No,Mailed check,19.85,535.05,1,0,0,0,18.45,0,0.0059373872,Low,0.11785713662393392,1.414285639487207
0301-FIDRB,Female,0,Yes,Yes,72,No,No phone service,DSL,Yes,Yes,Yes,Yes,Yes,Yes,Two year,Yes,Bank transfer (automatic),63.8,4684.3,6,1,0,0,65.06,0,0.005981359,Low,0.3816107147373259,4.57932857684791
1820-TQVEV,Male,0,No,No,1,Yes,No,Fiber optic,No,No,No,No,No,No,Month-to-month,Yes,Electronic check,69.55,69.55,1,1,1,1,69.55,1,0.8750592,High,60.860366484522814,730.3243978142738
9115-YQHGA,Male,0,No,No,40,Yes,No,DSL,No,No,No,Yes,No,No,Month-to-month,Yes,Electronic check,51.1,2092.9,2,1,1,1,52.32,0,0.159182,Low,8.134200055897237,97.61040067076684
1541-ETJZO,Male,0,No,No,1,Yes,Yes,DSL,No,No,Yes,Yes,No,No,Month-to-month,No,Mailed check,62.05,62.05,4,1,1,0,62.05,1,0.36215448,Low,22.47168571949005,269.6602286338806
6230-BSUXY,Female,1,No,No,1,Yes,No,Fiber optic,No,No,Yes,No,No,Yes,Month-to-month,Yes,Electronic check,85.0,85.0,3,1,1,1,85.0,1,0.8731222,High,74.21538829803467,890.584659576416
6797-LNAQX,Male,0,Yes,Yes,70,Yes,Yes,Fiber optic,No,Yes,No,No,Yes,Yes,Two year,No,Bank transfer (automatic),98.3,6859.5,5,1,0,0,97.99,1,0.046300806,Low,4.551369240134954,54.61643088161945
9588-YRFHY,Male,0,No,No,49,Yes,No,No,No internet service,No internet service,No internet service,No internet service,No internet service,No internet service,Two year,Yes,Credit card (automatic),19.9,1022.6,1,0,0,0,20.87,0,0.0059113773,Low,0.1176364074461162,1.4116368893533944
1092-GANHU,Male,0,No,No,17,Yes,No,Fiber optic,No,No,Yes,No,No,No,Month-to-month,Yes,Electronic check,76.65,1313.55,2,1,1,1,77.27,1,0.3767071,Low,28.874599738419057,346.4951968610287
5951-AOFIH,Male,0,No,No,33,Yes,No,DSL,No,Yes,Yes,No,Yes,No,Month-to-month,Yes,Credit card (automatic),66.4,2245.4,4,1,1,0,68.04,0,0.16670837,Low,11.069435441493988,132.83322529792787
7029-RPUAV,Male,1,Yes,No,17,Yes,Yes,Fiber optic,No,No,Yes,No,Yes,Yes,Month-to-month,Yes,Credit card (automatic),100.45,1622.45,5,1,1,0,95.44,1,0.5368246,Medium,53.924029463529585,647.088353562355
4700-UBQMV,Male,0,Yes,Yes,21,Yes,Yes,DSL,Yes,No,No,No,Yes,Yes,One year,Yes,Bank transfer (automatic),75.9,1549.75,5,1,0,0,73.8,0,0.078856654,Low,5.985220073908568,71.82264088690282
3594-UVONA,Female,0,No,No,35,Yes,Yes,DSL,Yes,No,Yes,Yes,Yes,Yes,One year,Yes,Credit card (automatic),85.95,3110.1,7,1,0,0,88.86,1,0.073388085,Low,6.307705885916948,75.69247063100337
7750-EYXWZ,Female,0,No,No,12,No,No phone service,DSL,No,Yes,Yes,Yes,Yes,Yes,One year,No,Electronic check,60.65,743.3,5,1,0,1,61.94,0,0.1471004,Low,8.921639496833086,107.05967396199702
7054-ENNGU,Female,0,Yes,No,9,Yes,No,DSL,No,Yes,No,No,No,No,Month-to-month,No,Mailed check,50.85,466.6,2,1,1,0,51.84,0,0.18158437,Low,9.23356537297368,110.80278447568418
0402-OAMEN,Female,0,Yes,Yes,72,Yes,Yes,No,No internet service,No internet service,No internet service,No internet service,No internet service,No internet service,Two year,No,Bank transfer (automatic),24.45,1709.1,2,0,0,0,23.74,0,0.0049713817,Low,0.1215502836043015,1.458603403251618
2195-VVRJF,Male,1,Yes,No,18,Yes,No,DSL,Yes,No,No,No,No,Yes,Month-to-month,Yes,Credit card (automatic),59.1,1011.05,3,1,1,0,56.17,0,0.19480217,Low,11.512807953357697,138.15369544029238
8819-ZBYNA,Female,0,Yes,No,58,Yes,Yes,Fiber optic,Yes,Yes,No,Yes,Yes,Yes,Two year,Yes,Credit card (automatic),109.1,6393.65,7,1,0,0,110.24,0,0.19728027,Low,21.523277767002583,258.279333204031
7748-UMTRK,Female,1,No,Yes,30,Yes,Yes,Fiber optic,No,No,No,Yes,Yes,Yes,Month-to-month,Yes,Electronic check,101.3,2974.5,5,1,1,1,99.15,0,0.43547723,Medium,44.11384309232235,529.3661171078681
1741-WTPON,Male,0,Yes,Yes,56,Yes,Yes,Fiber optic,Yes,Yes,Yes,Yes,Yes,Yes,Two year,No,Mailed check,115.85,6567.9,8,1,0,0,117.28,0,0.031355344,Low,3.6325165744870898,43.59019889384508
7209-JCUDS,Male,0,No,No,10,Yes,No,Fiber optic,No,No,Yes,No,Yes,Yes,Month-to-month,Yes,Electronic check,94.9,1048.85,4,1,1,1,104.88,1,0.7874171,High,74.72588409781457,896.7106091737749
2485-ITVKB,Female,0,Yes,No,2,No,No phone service,DSL,No,No,No,No,No,Yes,Month-to-month,Yes,Electronic check,35.1,68.75,1,1,1,1,34.38,1,0.7789572,High,27.34139730334282,328.09676764011385
9648-BCHKM,Female,0,Yes,Yes,18,Yes,Yes,No,No internet service,No internet service,No internet service,No internet service,No internet service,No internet service,Two year,Yes,Credit card (automatic),24.65,471.35,2,0,0,0,26.19,0,0.018305482,Low,0.45123013975098725,5.414761677011847
0743-HRVFF,Female,0,Yes,Yes,51,No,No phone service,DSL,No,No,Yes,Yes,Yes,Yes,One year,Yes,Electronic check,56.15,2898.95,4,1,0,1,56.84,0,0.13730034,Low,7.709414221346378,92.51297065615654
2522-AHJXR,Male,0,Yes,No,60,Yes,Yes,Fiber optic,Yes,No,Yes,Yes,Yes,Yes,Month-to-month,Yes,Bank transfer (automatic),109.45,6572.85,7,1,1,0,109.55,0,0.12154352,Low,13.302938176319003,159.63525811582804
9143-CANJF,Female,0,Yes,Yes,24,Yes,No,DSL,Yes,No,No,Yes,No,No,Month-to-month,No,Electronic check,55.15,1319.85,3,1,1,1,54.99,0,0.09703339,Low,5.351391398534179,64.21669678241014
1444-VVSGW,Male,0,Yes,No,70,Yes,Yes,Fiber optic,Yes,Yes,Yes,Yes,Yes,Yes,One year,No,Credit card (automatic),115.65,7968.85,8,1,0,0,113.84,1,0.36591753,Low,42.31836276501417,507.82035318017006
6898-MDLZW,Male,0,No,No,12,Yes,No,DSL,No,Yes,No,Yes,No,No,Month-to-month,Yes,Mailed check,53.75,648.65,3,1,1,0,54.05,0,0.16665186,Low,8.957537468522787,107.49044962227345
0074-HDKDG,Male,0,Yes,Yes,25,Yes,No,DSL,Yes,Yes,Yes,No,No,No,One year,Yes,Bank transfer (automatic),61.6,1611.0,4,1,0,0,64.44,0,0.045172524,Low,2.782627460360527,33.39152952432633
3982-JGSFD,Male,0,No,No,36,Yes,No,No,No internet service,No internet service,No internet service,No internet service,No internet service,No internet service,One year,Yes,Credit card (automatic),20.35,695.85,1,0,0,0,19.33,0,0.01398283,Low,0.28455058312974874,3.4146069975569846
7928-VJYAB,Male,0,Yes,Yes,11,Yes,No,Fiber optic,No,No,No,No,Yes,Yes,Month-to-month,No,Electronic check,90.6,1020.2,3,1,1,1,92.75,0,0.4648787,Medium,42.11801095604896,505.41613147258755
1522-VVDMG,Male,0,Yes,Yes,7,Yes,No,Fiber optic,No,Yes,No,Yes,Yes,No,Month-to-month,Yes,Electronic check,89.75,608.8,4,1,1,1,86.97,1,0.57113385,Medium,51.25926321744919,615.1111586093903
2665-NPTGL,Female,1,Yes,No,26,Yes,Yes,Fiber optic,No,No,Yes,No,Yes,Yes,Month-to-month,Yes,Bank transfer (automatic),98.1,2510.7,5,1,1,0,96.57,0,0.6730037,Medium,66.02166037559509,792.259924507141
8728-SKJLR,Male,0,No,No,41,Yes,No,Fiber optic,No,No,No,Yes,No,No,Month-to-month,Yes,Electronic check,74.25,3089.1,2,1,1,1,75.34,0,0.35442013,Low,26.31569431722164,315.7883318066597
7733-UDMTP,Female,1,No,No,57,No,No phone service,DSL,No,Yes,Yes,No,Yes,Yes,Month-to-month,Yes,Electronic check,55.0,3094.05,4,1,1,1,54.28,0,0.42485142,Medium,23.366827964782715,280.4019355773926
0431-APWVY,Female,0,Yes,Yes,28,Yes,No,Fiber optic,No,No,No,No,Yes,Yes,One year,Yes,Bank transfer (automatic),90.1,2598.95,3,1,0,0,92.82,1,0.18728127,Low,16.87404205352068,202.48850464224813
5081-NWSUP,Female,0,No,No,10,Yes,No,DSL,No,Yes,No,Yes,No,Yes,One year,No,Mailed check,64.9,685.55,4,1,0,0,68.55,0,0.122268856,Low,7.935248726606369,95.22298471927644
2746-DIJLO,Female,0,No,No,41,Yes,Yes,DSL,No,Yes,No,No,No,No,One year,Yes,Credit card (automatic),56.3,2364.0,3,1,0,0,57.66,0,0.14564925,Low,8.200053018331527,98.40063621997832
7277-OZCGZ,Female,0,No,No,22,Yes,No,Fiber optic,Yes,No,No,Yes,No,Yes,Month-to-month,Yes,Electronic check,89.05,1886.25,4,1,1,1,85.74,0,0.33188114,Low,29.55401513427496,354.6481816112995
5236-PERKL,Female,0,No,No,57,Yes,Yes,Fiber optic,Yes,Yes,Yes,No,Yes,Yes,Two year,Yes,Bank transfer (automatic),112.95,6465.0,7,1,0,0,113.42,1,0.13739225,Low,15.518454940617085,186.22145928740503
2788-CJQAQ,Male,0,No,No,13,Yes,No,No,No internet service,No internet service,No internet service,No internet service,No internet service,No internet service,One year,No,Mailed check,19.45,270.2,1,0,0,0,20.78,0,0.014136921,Low,0.2749631072860211,3.299557287432253
3096-WPXBT,Female,0,Yes,Yes,61,Yes,Yes,Fiber optic,Yes,Yes,Yes,No,No,Yes,One year,Yes,Credit card (automatic),100.7,6018.65,6,1,0,0,98.67,0,0.08104931,Low,8.161665333807468,97.93998400568961
9962-BFPDU,Female,0,Yes,Yes,1,Yes,No,No,No internet service,No internet service,No internet service,No internet service,No internet service,No internet service,Month-to-month,No,Mailed check,20.05,20.05,1,0,1,0,20.05,0,0.47227472,Medium,9.469108149409294,113.62929779291153
2892-GESUL,Female,0,Yes,Yes,18,Yes,No,No,No internet service,No internet service,No internet service,No internet service,No internet service,No internet service,Two year,No,Mailed check,19.35,309.25,1,0,0,0,17.18,0,0.012202056,Low,0.23610978601500393,2.8333174321800474
9741-YLNTD,Male,0,No,No,6,Yes,Yes,Fiber optic,No,No,No,Yes,No,Yes,Month-to-month,Yes,Bank transfer (automatic),87.95,522.35,4,1,1,0,87.06,0,0.74348795,High,65.38976556658746,784.6771867990494
1205-WNWPJ,Female,0,No,No,7,Yes,No,DSL,No,No,No,Yes,Yes,No,Month-to-month,Yes,Mailed check,59.5,415.95,3,1,1,0,59.42,1,0.23701887,Low,14.102622665464878,169.23147198557854
3173-NVMPX,Female,0,Yes,Yes,9,Yes,Yes,DSL,No,Yes,No,No,No,No,Month-to-month,Yes,Mailed check,55.3,501.2,3,1,1,0,55.69,0,0.25600097,Low,14.156853410601615,169.88224092721939
9661-MHUMO,Male,1,Yes,Yes,1,Yes,No,DSL,No,No,No,Yes,No,No,Month-to-month,Yes,Credit card (automatic),49.25,49.25,2,1,1,0,49.25,1,0.3531963,Low,17.39491743594408,208.73900923132896
6000-APYLU,Male,0,No,No,9,Yes,No,Fiber optic,No,No,No,No,No,Yes,Month-to-month,Yes,Electronic check,80.8,713.1,2,1,1,1,79.23,1,0.58080906,Medium,46.92937178611755,563.1524614334106
0048-PIHNL,Female,0,Yes,No,49,Yes,No,No,No internet service,No internet service,No internet service,No internet service,No internet service,No internet service,One year,No,Bank transfer (automatic),20.45,900.9,1,0,0,0,18.39,0,0.01217739,Low,0.24902762644924223,2.9883315173909066
9420-LOJKX,Female,0,No,No,15,Yes,No,Fiber optic,Yes,Yes,No,No,Yes,Yes,Month-to-month,Yes,Credit card (automatic),99.1,1426.4,5,1,1,0,95.09,1,0.6797337,Medium,67.36160903573035,808.3393084287643
7061-OVMIM,Female,0,Yes,Yes,30,Yes,No,No,No internet service,No internet service,No internet service,No internet service,No internet service,No internet service,One year,No,Bank transfer (automatic),19.55,608.5,1,0,0,0,20.28,0,0.029871799,Low,0.5839936714619398,7.007924057543278
5671-RQRLP,Female,1,Yes,No,70,Yes,Yes,Fiber optic,No,No,No,No,No,No,Two year,Yes,Credit card (automatic),75.65,5411.4,2,1,0,0,77.31,0,0.11140424,Low,8.42773076593876,101.13276919126511
5129-JLPIS,Male,0,No,No,25,Yes,No,Fiber optic,Yes,No,Yes,Yes,Yes,Yes,Month-to-month,Yes,Electronic check,105.5,2686.05,6,1,1,1,107.44,0,0.6165993,Medium,65.0512284040451,780.6147408485413
5170-PTRKA,Female,0,Yes,Yes,49,No,No phone service,DSL,Yes,No,No,Yes,No,No,One year,Yes,Credit card (automatic),35.8,1782.0,2,1,0,0,36.37,0,0.018615598,Low,0.666438403353095,7.99726084023714
4819-HJPIW,Male,0,No,No,18,No,No phone service,DSL,No,No,No,No,No,No,Month-to-month,No,Mailed check,25.15,476.8,0,1,1,0,26.49,0,0.18226713,Low,4.584018304944038,55.00821965932846
8780-RSYYU,Female,0,No,No,25,Yes,No,No,No internet service,No internet service,No internet service,No internet service,No internet service,No internet service,Month-to-month,Yes,Credit card (automatic),19.2,532.1,1,0,1,0,21.28,0,0.03804503,Low,0.7304645776748657,8.765574932098389
2335-GSODA,Male,0,No,Yes,23,No,No phone service,DSL,Yes,No,Yes,Yes,No,No,Two year,No,Mailed check,40.1,857.75,3,1,0,0,37.29,0,0.017035007,Low,0.6831037998199463,8.197245597839355
5696-CEIQJ,Male,0,Yes,Yes,67,Yes,No,Fiber optic,No,Yes,Yes,Yes,Yes,Yes,Two year,No,Bank transfer (automatic),103.15,6895.5,6,1,0,0,102.92,0,0.062023517,Low,6.397725752182305,76.77270902618767
6169-PPETC,Male,0,Yes,Yes,35,Yes,No,No,No internet service,No internet service,No internet service,No internet service,No internet service,No internet service,Two year,No,Bank transfer (automatic),20.5,759.35,1,0,0,0,21.7,0,0.009086596,Low,0.18627521488815546,2.2353025786578655
4237-RLAQD,Male,0,No,No,1,Yes,No,DSL,No,No,No,No,No,No,Month-to-month,Yes,Mailed check,45.85,45.85,1,1,1,0,45.85,1,0.64258105,Medium,29.462340942025186,353.54809130430226
7359-WWYJV,Male,0,Yes,No,72,Yes,Yes,Fiber optic,Yes,Yes,Yes,Yes,Yes,Yes,Two year,No,Credit card (automatic),114.45,8375.05,8,1,0,0,116.32,0,0.025360426,Low,2.902500748168677,34.830008978024125
8620-RJPZN,Female,0,No,No,1,Yes,No,No,No internet service,No internet service,No internet service,No internet service,No internet service,No internet service,Month-to-month,No,Electronic check,20.7,20.7,1,0,1,1,20.7,0,0.3481633,Low,7.206980448961258,86.4837653875351
7426-WEIJX,Male,1,Yes,Yes,60,Yes,Yes,Fiber optic,Yes,No,No,No,No,No,Month-to-month,Yes,Electronic check,80.95,4859.1,3,1,1,1,80.98,0,0.17053495,Low,13.804804483801126,165.6576538056135
7629-WIXZF,Female,0,No,No,7,Yes,No,DSL,Yes,No,No,No,No,Yes,One year,Yes,Electronic check,59.1,369.25,3,1,0,1,52.75,0,0.122013904,Low,7.211021735519171,86.53226082623004
2616-FLVQC,Male,0,No,No,64,Yes,No,No,No internet service,No internet service,No internet service,No internet service,No internet service,No internet service,Two year,No,Mailed check,19.55,1240.15,1,0,0,0,19.38,0,0.019974517,Low,0.39050180157646536,4.686021618917584
9163-GHAYE,Female,0,No,No,15,Yes,No,DSL,No,Yes,No,No,No,No,Month-to-month,No,Electronic check,48.85,736.8,2,1,1,1,49.12,0,0.19759975,Low,9.652747970074415,115.83297564089298
4464-JCOLN,Male,0,Yes,Yes,2,Yes,No,No,No internet service,No internet service,No internet service,No internet service,No internet service,No internet service,One year,No,Mailed check,19.85,35.9,1,0,0,0,17.95,1,0.024319168,Low,0.4827354883775115,5.792825860530138
2971-SGAFL,Female,0,No,No,13,Yes,Yes,DSL,Yes,No,Yes,No,Yes,Yes,Month-to-month,Yes,Electronic check,78.75,995.35,6,1,1,1,76.57,0,0.3171321,Low,24.974151737987995,299.68982085585594
4735-ASGMA,Male,0,No,No,26,Yes,Yes,Fiber optic,No,No,Yes,No,Yes,Yes,Month-to-month,Yes,Electronic check,98.35,2515.3,5,1,1,1,96.74,1,0.7300505,High,71.80046708881855,861.6056050658226
5245-VDBUR,Female,0,Yes,No,52,No,No phone service,DSL,Yes,No,Yes,No,No,No,One year,No,Mailed check,35.45,1958.95,2,1,0,0,37.67,0,0.028312238,Low,1.0036688347347082,12.044026016816499
1493-AMTIE,Male,0,No,No,1,Yes,No,No,No internet service,No internet service,No internet service,No internet service,No internet service,No internet service,Month-to-month,Yes,Bank transfer (automatic),20.2,20.2,1,0,1,0,20.2,1,0.35611808,Low,7.193585276603699,86.32302331924438
1112-CUNAO,Female,1,No,No,15,Yes,Yes,Fiber optic,No,Yes,No,No,No,Yes,Month-to-month,No,Electronic check,89.85,1424.95,4,1,1,1,95.0,1,0.6049722,Medium,54.3567507058382,652.2810084700584
7571-YXDAD,Female,0,No,No,2,Yes,Yes,Fiber optic,No,No,No,No,No,No,Month-to-month,No,Credit card (automatic),74.9,147.15,2,1,1,0,73.58,1,0.57981485,Medium,43.42813236117363,521.1375883340836
8714-EUHJO,Female,0,Yes,Yes,31,Yes,Yes,Fiber optic,No,Yes,No,No,No,Yes,Month-to-month,Yes,Electronic check,91.15,2995.45,4,1,1,1,96.63,1,0.40699935,Medium,37.0979907155037,445.1758885860444
9040-KZVWO,Male,0,No,No,26,Yes,No,Fiber optic,No,Yes,No,No,No,No,One year,No,Bank transfer (automatic),75.5,2018.1,2,1,0,0,77.62,0,0.047728047,Low,3.603467531502247,43.24161037802696
6713-OKOMC,Female,0,No,No,10,No,No phone service,DSL,Yes,No,No,No,No,No,Month-to-month,No,Mailed check,29.75,301.9,1,1,1,0,30.19,0,0.17580049,Low,5.230064500123262,62.76077400147915
8749-CLJXC,Male,0,No,No,1,Yes,No,No,No internet service,No internet service,No internet service,No internet service,No internet service,No internet service,Month-to-month,No,Mailed check,20.05,20.05,1,0,1,0,20.05,0,0.42367128,Medium,8.494609071314335,101.935308855772
4713-LZDRV,Female,1,No,No,2,Yes,No,Fiber optic,No,No,No,No,No,Yes,Month-to-month,Yes,Electronic check,79.6,195.05,2,1,1,1,97.52,1,0.7983649,High,63.549844264984124,762.5981311798095
6598-RFFVI,Male,0,No,No,2,Yes,No,No,No internet service,No internet service,No internet service,No internet service,No internet service,No internet service,One year,No,Credit card (automatic),19.3,28.3,1,0,0,0,14.15,1,0.011847302,Low,0.22865293473005296,2.7438352167606355
7470-MCQTK,Female,0,Yes,No,13,No,No phone service,DSL,No,No,Yes,No,Yes,Yes,Month-to-month,Yes,Bank transfer (automatic),48.75,633.4,3,1,1,0,48.72,1,0.44016564,Medium,21.458074897527695,257.49689877033234
5524-KHNJP,Male,0,Yes,Yes,33,Yes,No,DSL,Yes,No,Yes,No,Yes,Yes,One year,No,Credit card (automatic),74.75,2453.3,5,1,0,0,74.34,0,0.10347111,Low,7.73446530662477,92.81358367949724
1707-HABPF,Female,1,No,No,46,Yes,No,Fiber optic,No,Yes,Yes,No,Yes,No,One year,Yes,Bank transfer (automatic),91.3,4126.35,4,1,0,0,89.7,0,0.0697269,Low,6.366065903007984,76.3927908360958
4581-LNWUM,Female,0,No,No,13,No,No phone service,DSL,No,No,Yes,No,Yes,Yes,Month-to-month,No,Electronic check,49.15,649.4,3,1,1,1,49.95,0,0.3618509,Low,17.784971122443675,213.4196534693241
9710-ZUSHQ,Female,1,No,No,37,Yes,Yes,Fiber optic,Yes,Yes,No,No,Yes,Yes,Month-to-month,Yes,Bank transfer (automatic),106.75,4056.75,6,1,1,0,109.64,1,0.26654375,Low,28.45354488492012,341.44253861904144
1697-LYYYX,Female,0,Yes,Yes,61,Yes,No,No,No internet service,No internet service,No internet service,No internet service,No internet service,No internet service,One year,No,Credit card (automatic),19.1,1143.8,1,0,0,0,18.75,0,0.008887609,Low,0.16975332302972676,2.037039876356721
4013-GUXND,Male,0,No,No,1,Yes,No,No,No internet service,No internet service,No internet service,No internet service,No internet service,No internet service,Month-to-month,No,Mailed check,20.8,20.8,1,0,1,0,20.8,0,0.35723725,Low,7.430534791946411,89.16641750335694
5022-JNQEQ,Female,0,Yes,Yes,9,Yes,No,Fiber optic,No,No,No,Yes,No,No,Month-to-month,Yes,Electronic check,75.85,647.5,2,1,1,1,71.94,0,0.50881225,Medium,38.593409064412114,463.12090877294537
4983-CCWMC,Male,0,No,No,3,Yes,No,Fiber optic,No,No,No,No,No,No,Month-to-month,Yes,Mailed check,69.6,207.4,1,1,1,0,69.13,0,0.5366343,Medium,37.34974908828735,448.19698905944824
6345-FZOQH,Male,0,Yes,No,69,Yes,No,No,No internet service,No internet service,No internet service,No internet service,No internet service,No internet service,Two year,No,Mailed check,19.9,1363.45,1,0,0,0,19.76,0,0.007710252,Low,0.1534340139478445,1.841208167374134
0962-CQPWQ,Female,0,Yes,Yes,62,Yes,No,No,No internet service,No internet service,No internet service,No internet service,No internet service,No internet service,Two year,No,Bank transfer (automatic),20.3,1296.15,1,0,0,0,20.91,0,0.0058007636,Low,0.11775550129823387,1.4130660155788064
5495-GPSRW,Male,0,No,No,20,Yes,No,No,No internet service,No internet service,No internet service,No internet service,No internet service,No internet service,Two year,Yes,Mailed check,19.7,419.4,1,0,0,0,20.97,0,0.009814074,Low,0.19333726298063994,2.3200471557676794
2252-JHJGE,Male,0,No,No,61,Yes,Yes,Fiber optic,Yes,No,Yes,No,Yes,Yes,One year,No,Electronic check,104.0,6363.45,6,1,0,1,104.32,0,0.2540057,Low,26.416592836380005,316.99911403656006
7356-AYNJP,Female,0,No,No,4,Yes,Yes,No,No internet service,No internet service,No internet service,No internet service,No internet service,No internet service,One year,No,Electronic check,23.9,97.5,2,0,0,1,24.38,0,0.06845582,Low,1.6360941641032696,19.633129969239235
2019-HDCZY,Male,0,Yes,No,63,Yes,Yes,Fiber optic,No,No,Yes,No,Yes,Yes,Two year,No,Electronic check,102.6,6296.75,5,1,0,1,99.95,0,0.11517227,Low,11.816674590110779,141.80009508132935
8582-KRHPJ,Male,0,No,No,50,No,No phone service,DSL,Yes,Yes,No,No,No,No,Month-to-month,Yes,Mailed check,35.0,1782.4,2,1,1,0,35.65,0,0.122201085,Low,4.277037978172302,51.32445573806763
2867-UIMSS,Male,0,No,No,1,Yes,No,Fiber optic,No,No,No,No,No,Yes,Month-to-month,No,Electronic check,80.5,80.5,2,1,1,1,80.5,1,0.7935704,High,63.882417142391205,766.5890057086945
3487-EARAT,Female,0,Yes,Yes,70,Yes,No,DSL,Yes,Yes,Yes,Yes,No,Yes,One year,No,Credit card (automatic),74.1,5222.3,6,1,0,0,74.6,0,0.10579847,Low,7.8396664783358565,94.07599774003027
9926-PJHDQ,Female,0,Yes,Yes,72,Yes,Yes,DSL,No,No,Yes,No,Yes,Yes,Two year,Yes,Bank transfer (automatic),76.8,5468.45,5,1,0,0,75.95,0,0.025653891,Low,1.9702188491821289,23.642626190185545
0289-IVARM,Female,0,No,No,35,Yes,No,DSL,Yes,Yes,Yes,No,No,No,Month-to-month,No,Electronic check,60.55,1982.6,4,1,1,1,56.65,0,0.08522093,Low,5.160127490758896,61.92152988910675
4672-FOTSD,Male,0,No,No,12,Yes,Yes,DSL,Yes,Yes,No,Yes,No,No,Month-to-month,Yes,Electronic check,67.25,832.3,5,1,1,1,69.36,0,0.20763034,Low,13.963140115141869,167.55768138170242
6198-PNNSZ,Female,0,Yes,No,56,Yes,Yes,Fiber optic,Yes,Yes,Yes,No,Yes,Yes,One year,No,Bank transfer (automatic),109.8,6109.65,7,1,0,0,109.1,0,0.2456071,Low,26.967658808827398,323.6119057059288
7603-USHJS,Male,0,No,Yes,12,Yes,Yes,Fiber optic,No,No,No,No,No,No,Month-to-month,Yes,Credit card (automatic),73.75,871.4,2,1,1,0,72.62,1,0.44456503,Medium,32.78667081147432,393.4400497376919
6784-XYJAE,Female,0,No,No,36,Yes,Yes,DSL,No,No,Yes,No,No,No,One year,No,Electronic check,55.8,1941.5,3,1,0,1,53.93,0,0.07488301,Low,4.178471763432026,50.14166116118432
3858-XHYJO,Female,0,Yes,No,40,Yes,Yes,Fiber optic,Yes,No,Yes,No,Yes,Yes,One year,No,Bank transfer (automatic),105.75,4228.55,6,1,0,0,105.71,0,0.34501046,Low,36.48485608398914,437.8182730078697
1087-UDSIH,Female,0,No,No,3,Yes,No,No,No internet service,No internet service,No internet service,No internet service,No internet service,No internet service,Month-to-month,Yes,Mailed check,19.6,59.75,1,0,1,0,19.92,1,0.16153188,Low,3.166024857759476,37.99229829311371
7251-LJBQN,Female,1,No,No,40,Yes,Yes,Fiber optic,No,No,Yes,Yes,Yes,Yes,One year,Yes,Credit card (automatic),103.75,4188.4,6,1,0,0,104.71,0,0.3653747,Low,37.90762659162283,454.89151909947395
3200-MNQTF,Male,0,Yes,No,67,Yes,Yes,DSL,Yes,Yes,Yes,Yes,No,No,Two year,No,Credit card (automatic),70.9,4677.1,6,1,0,0,69.81,0,0.023728918,Low,1.6823803063482048,20.188563676178457
9359-UGBTK,Female,0,No,No,67,Yes,No,DSL,Yes,No,Yes,Yes,No,Yes,One year,Yes,Bank transfer (automatic),72.35,4991.5,5,1,0,0,74.5,0,0.0727705,Low,5.264945580437779,63.179346965253345
8160-HOWOX,Female,0,No,No,7,Yes,No,DSL,No,No,No,No,Yes,Yes,Month-to-month,Yes,Electronic check,66.85,458.1,3,1,1,1,65.44,0,0.42821008,Medium,28.625843825936315,343.5101259112358
0258-NOKBL,Male,0,No,No,3,Yes,No,Fiber optic,No,Yes,Yes,No,No,Yes,Month-to-month,No,Electronic check,90.4,268.45,4,1,1,1,89.48,0,0.524209,Medium,47.38849563598633,568.661947631836
2800-QQUSO,Male,0,No,No,42,Yes,Yes,Fiber optic,No,No,No,Yes,Yes,Yes,Month-to-month,Yes,Electronic check,100.3,4222.95,5,1,1,1,100.55,0,0.6183324,Medium,62.01873831748962,744.2248598098754
2129-ALKBS,Female,0,Yes,Yes,40,Yes,Yes,No,No internet service,No internet service,No internet service,No internet service,No internet service,No internet service,Month-to-month,Yes,Electronic check,26.2,1077.5,2,0,1,1,26.94,0,0.08830461,Low,2.313580757379532,27.762969088554385
9972-VAFJJ,Female,1,Yes,No,53,Yes,No,Fiber optic,No,Yes,Yes,Yes,Yes,No,One year,Yes,Electronic check,94.0,4871.45,5,1,0,1,91.91,0,0.144292,Low,13.563447713851929,162.76137256622314
4693-VWVBO,Female,0,No,No,3,Yes,No,No,No internet service,No internet service,No internet service,No internet service,No internet service,No internet service,Month-to-month,No,Electronic check,19.55,61.05,1,0,1,1,20.35,0,0.09773697,Low,1.9107577554881574,22.929093065857888
6969-MVBAI,Female,1,No,No,9,Yes,Yes,Fiber optic,No,No,Yes,No,Yes,No,Month-to-month,Yes,Electronic check,90.1,816.8,4,1,1,1,90.76,0,0.82411474,High,74.2527380645275,891.0328567743301
4821-WQOYN,Female,0,Yes,Yes,72,Yes,No,No,No internet service,No internet service,No internet service,No internet service,No internet service,No internet service,Two year,Yes,Credit card (automatic),20.1,1326.25,1,0,0,0,18.42,0,0.0035761779,Low,0.07188117520418019,0.8625741024501623
6769-DYBQN,Male,1,No,No,46,Yes,No,Fiber optic,Yes,No,No,No,No,Yes,Month-to-month,No,Electronic check,85.0,3969.4,3,1,1,1,86.29,1,0.33028743,Low,28.074431270360947,336.89317524433136
4018-PPNDW,Female,0,Yes,Yes,61,Yes,Yes,No,No internet service,No internet service,No internet service,No internet service,No internet service,No internet service,Two year,Yes,Mailed check,24.1,1551.6,2,0,0,0,25.44,0,0.006844134,Low,0.1649436310864985,1.9793235730379821
6288-CHQJB,Female,0,Yes,Yes,54,Yes,No,DSL,Yes,No,Yes,Yes,No,Yes,Two year,No,Bank transfer (automatic),69.95,3871.85,5,1,0,0,71.7,0,0.010857576,Low,0.759487411333248,9.113848935998977
4905-JEFDW,Male,0,No,No,11,No,No phone service,DSL,No,No,Yes,No,Yes,No,One year,Yes,Electronic check,41.6,470.6,2,1,0,1,42.78,1,0.32183728,Low,13.38843069076538,160.66116828918456
0559-CKHUS,Female,0,Yes,No,29,Yes,No,No,No internet service,No internet service,No internet service,No internet service,No internet service,No internet service,Two year,Yes,Mailed check,19.55,521.8,1,0,0,0,17.99,0,0.0065406123,Low,0.1278689708095044,1.5344276497140528
2659-VXMWZ,Male,0,Yes,Yes,67,Yes,Yes,Fiber optic,Yes,Yes,Yes,No,Yes,Yes,One year,Yes,Electronic check,111.3,7482.1,7,1,0,1,111.67,1,0.14565599,Low,16.21151164770126,194.53813977241515
6559-RAKOZ,Male,0,Yes,Yes,49,Yes,Yes,Fiber optic,No,No,No,Yes,Yes,Yes,One year,Yes,Electronic check,97.95,4917.9,5,1,0,1,100.37,0,0.31756595,Low,31.10558458417654,373.2670150101185
8809-XKHMD,Male,0,Yes,No,72,Yes,Yes,Fiber optic,Yes,Yes,No,Yes,No,Yes,Two year,Yes,Bank transfer (automatic),100.55,7325.1,6,1,0,0,101.74,0,0.010783301,Low,1.084260888909921,13.011130666919051
6365-HITVU,Female,0,Yes,Yes,71,Yes,No,DSL,Yes,Yes,Yes,Yes,Yes,Yes,Two year,No,Credit card (automatic),87.25,6328.7,7,1,0,0,89.14,0,0.005161672,Low,0.45035587321035564,5.404270478524268
0134-XWXCE,Female,1,No,No,44,Yes,No,DSL,No,No,Yes,Yes,Yes,Yes,One year,No,Bank transfer (automatic),74.85,3268.05,5,1,0,0,74.27,0,0.10919185,Low,8.173009959608315,98.07611951529978
9720-JJJOR,Male,0,Yes,Yes,41,Yes,No,DSL,Yes,Yes,Yes,No,No,No,One year,Yes,Bank transfer (automatic),60.3,2511.3,4,1,0,0,61.25,0,0.06908063,Low,4.165561895817518,49.98674274981022
2782-LFZVW,Female,0,No,No,11,Yes,Yes,DSL,No,No,No,No,No,Yes,Month-to-month,Yes,Mailed check,58.95,601.6,3,1,1,0,54.69,0,0.27657986,Low,16.30438256263733,195.65259075164795
6112-KTHFQ,Female,0,No,No,13,Yes,No,No,No internet service,No internet service,No internet service,No internet service,No internet service,No internet service,Month-to-month,Yes,Mailed check,19.3,279.3,1,0,1,0,21.48,0,0.07157006,Low,1.3813021801412106,16.57562616169453
9220-ZNKJI,Female,1,Yes,No,55,Yes,No,Fiber optic,No,No,Yes,Yes,Yes,No,Two year,No,Credit card (automatic),88.8,4805.3,4,1,0,0,87.37,0,0.032632776,Low,2.8977904736995694,34.773485684394835
9820-RMCQV,Female,0,No,No,11,Yes,No,DSL,Yes,No,No,No,No,No,Month-to-month,No,Credit card (automatic),48.55,501.0,2,1,1,0,45.55,1,0.17432831,Low,8.463639561086893,101.56367473304272
9013-AQORL,Female,0,No,Yes,48,No,No phone service,DSL,No,Yes,Yes,No,No,Yes,Month-to-month,No,Credit card (automatic),45.55,2108.35,3,1,1,0,43.92,0,0.13434084,Low,6.1192251525819294,73.43070183098315
2040-OBMLJ,Male,0,No,No,31,Yes,Yes,Fiber optic,No,No,No,Yes,No,No,One year,No,Credit card (automatic),81.7,2548.65,3,1,0,0,82.21,0,0.07763153,Low,6.342496258020401,76.10995509624482
5574-NXZIU,Male,0,No,No,63,Yes,No,Fiber optic,Yes,Yes,Yes,Yes,Yes,Yes,Two year,No,Credit card (automatic),109.2,7049.75,7,1,0,0,111.9,0,0.09075464,Low,9.910407024621964,118.92488429546357
5446-DKWYW,Female,1,Yes,Yes,61,Yes,Yes,DSL,No,No,Yes,No,Yes,No,One year,Yes,Electronic check,65.2,3965.05,4,1,0,1,65.0,0,0.08611607,Low,5.614767637848854,67.37721165418625
0480-KYJVA,Female,0,Yes,Yes,72,Yes,Yes,No,No internet service,No internet service,No internet service,No internet service,No internet service,No internet service,Two year,No,Credit card (automatic),24.25,1784.5,2,0,0,0,24.78,0,0.0032404265,Low,0.07858034351374954,0.9429641221649945
1074-AMIOH,Female,0,Yes,Yes,53,Yes,No,Fiber optic,No,Yes,Yes,Yes,Yes,Yes,Month-to-month,Yes,Bank transfer (automatic),108.25,5935.1,6,1,1,0,111.98,0,0.23522909,Low,25.463548976927996,305.56258772313595
0015-UOCOJ,Female,1,No,No,7,Yes,No,DSL,Yes,No,No,No,No,No,Month-to-month,Yes,Electronic check,48.2,340.35,2,1,1,1,48.62,0,0.3443441,Low,16.5973860681057,199.1686328172684
0256-LTHVJ,Female,0,Yes,Yes,28,Yes,No,Fiber optic,No,No,No,No,No,Yes,Month-to-month,Yes,Electronic check,81.05,2227.1,2,1,1,1,79.54,1,0.41582784,Medium,33.702846477925775,404.4341577351093
4547-LYTDD,Female,0,No,No,16,Yes,Yes,Fiber optic,No,No,No,No,No,No,Month-to-month,No,Electronic check,72.65,1194.3,2,1,1,1,74.64,1,0.4499081,Medium,32.685824011266234,392.2298881351948
1077-HUUJM,Female,0,No,Yes,7,Yes,No,Fiber optic,No,No,No,No,No,No,Month-to-month,Yes,Electronic check,71.05,472.65,1,1,1,1,67.52,0,0.5928103,Medium,42.119169908761975,505.4300389051437
2041-JIJCI,Female,0,No,No,5,Yes,Yes,DSL,No,Yes,No,No,No,Yes,Month-to-month,Yes,Electronic check,64.0,370.25,4,1,1,1,74.05,0,0.46913537,Medium,30.0246639251709,360.2959671020508
1555-HAPSU,Female,0,Yes,Yes,71,Yes,Yes,No,No internet service,No internet service,No internet service,No internet service,No internet service,No internet service,Two year,No,Credit card (automatic),23.9,1663.5,2,0,0,0,23.43,0,0.0059498535,Low,0.14220149754546582,1.7064179705455897
4323-SADQS,Male,0,Yes,Yes,7,No,No phone service,DSL,Yes,No,No,Yes,No,No,Month-to-month,Yes,Electronic check,34.5,279.25,2,1,1,1,39.89,1,0.27376354,Low,9.444842040538788,113.33810448646545
3292-PBZEJ,Male,1,No,No,11,Yes,Yes,Fiber optic,No,Yes,Yes,Yes,Yes,Yes,Month-to-month,Yes,Electronic check,111.4,1183.05,7,1,1,1,107.55,0,0.73097086,High,81.4301537513733,977.1618450164796
6203-HBZPA,Male,0,No,No,52,No,No phone service,DSL,Yes,Yes,Yes,Yes,Yes,Yes,Two year,No,Credit card (automatic),63.9,3334.95,6,1,0,0,64.13,0,0.01653593,Low,1.0566459484398365,12.679751381278038
9755-JHNMN,Female,0,No,No,49,Yes,No,DSL,Yes,Yes,Yes,Yes,No,No,Two year,No,Bank transfer (automatic),67.4,3306.85,5,1,0,0,67.49,0,0.016184185,Low,1.0908140487968923,13.089768585562707
7369-TRPFD,Male,0,No,No,19,Yes,No,No,No internet service,No internet service,No internet service,No internet service,No internet service,No internet service,One year,No,Mailed check,18.8,279.2,1,0,0,0,14.69,0,0.005164467,Low,0.09709197580814362,1.1651037096977235
9878-TNQGW,Male,0,No,No,2,Yes,No,Fiber optic,No,No,No,No,No,Yes,Month-to-month,Yes,Electronic check,80.95,171.15,2,1,1,1,85.58,1,0.7249843,High,58.68747813105583,704.24973757267
2279-AXJJK,Male,0,Yes,No,52,Yes,Yes,Fiber optic,No,Yes,No,Yes,No,Yes,Month-to-month,Yes,Credit card (automatic),95.65,5088.4,5,1,1,0,97.85,0,0.18813418,Low,17.995034175366165,215.94041010439398
5016-IBERQ,Male,0,Yes,No,23,Yes,Yes,Fiber optic,No,Yes,Yes,No,No,No,Month-to-month,No,Electronic check,84.25,1968.1,4,1,1,1,85.57,0,0.40170506,Medium,33.84365100413561,406.1238120496273
1016-DJTSV,Male,1,No,No,8,Yes,No,Fiber optic,No,No,No,No,No,No,Month-to-month,Yes,Electronic check,69.7,572.85,1,1,1,1,71.61,0,0.51318514,Medium,35.76900449991226,429.2280539989472
8433-WPJTV,Female,1,Yes,Yes,65,Yes,Yes,Fiber optic,No,No,Yes,Yes,Yes,Yes,One year,Yes,Bank transfer (automatic),103.9,6767.1,6,1,0,0,104.11,0,0.13308626,Low,13.827662843465806,165.93195412158968
8903-XEBGX,Male,0,No,Yes,2,Yes,No,DSL,No,No,No,No,No,Yes,Month-to-month,Yes,Electronic check,55.3,108.65,2,1,1,1,54.32,0,0.62940925,Medium,34.80633172392845,417.6759806871414
2632-TACXW,Female,0,Yes,No,62,Yes,Yes,No,No internet service,No internet service,No internet service,No internet service,No internet service,No internet service,Two year,No,Bank transfer (automatic),23.65,1416.75,2,0,0,0,22.85,0,0.015305995,Low,0.36198678198270495,4.343841383792459
7952-OBOYL,Male,0,No,No,3,Yes,No,Fiber optic,No,No,Yes,Yes,Yes,No,Month-to-month,Yes,Mailed check,89.85,244.45,4,1,1,0,81.48,0,0.5688899,Medium,51.114758947491644,613.3771073698997
1470-PSXNM,Male,0,Yes,Yes,49,Yes,Yes,Fiber optic,No,Yes,Yes,No,Yes,No,One year,Yes,Electronic check,93.65,4520.15,5,1,0,1,92.25,0,0.24116075,Low,22.584704273939135,271.0164512872696
6227-HWPWX,Female,0,No,Yes,15,Yes,No,Fiber optic,No,No,No,No,No,No,Month-to-month,No,Bank transfer (automatic),69.0,994.8,1,1,1,0,66.32,1,0.26731575,Low,18.444786429405212,221.33743715286255
5924-SNGKP,Female,0,No,Yes,41,Yes,No,No,No internet service,No internet service,No internet service,No internet service,No internet service,No internet service,One year,Yes,Credit card (automatic),20.25,865.0,1,0,0,0,21.1,0,0.014094968,Low,0.28542310860939324,3.425077303312719
8818-DOPVL,Female,1,No,No,46,Yes,Yes,Fiber optic,No,Yes,Yes,No,Yes,Yes,Month-to-month,Yes,Electronic check,104.45,4863.85,6,1,1,1,105.74,0,0.6225388,Medium,65.02417818307877,780.2901381969452
4521-WFJAI,Male,0,No,No,56,Yes,Yes,No,No internet service,No internet service,No internet service,No internet service,No internet service,No internet service,Two year,Yes,Bank transfer (automatic),25.95,1444.05,2,0,0,0,25.79,0,0.015260462,Low,0.39600898157805203,4.752107778936624
4724-WXVWF,Male,0,No,No,48,Yes,Yes,Fiber optic,Yes,No,No,Yes,No,Yes,Month-to-month,Yes,Electronic check,95.4,4445.3,5,1,1,1,92.61,0,0.24937387,Low,23.790267017483714,285.48320420980457
3717-OEAUQ,Male,0,No,No,2,Yes,No,Fiber optic,No,No,No,No,No,No,Month-to-month,No,Mailed check,70.7,129.2,1,1,1,0,64.6,0,0.4664897,Medium,32.98082196414471,395.7698635697365
8165-ZJRNM,Female,0,Yes,Yes,72,Yes,Yes,No,No internet service,No internet service,No internet service,No internet service,No internet service,No internet service,Two year,No,Bank transfer (automatic),23.75,1679.25,2,0,0,0,23.32,0,0.0043883366,Low,0.10422299325000495,1.2506759190000594
7838-LAZFO,Male,0,Yes,No,45,Yes,No,DSL,Yes,Yes,Yes,No,Yes,Yes,One year,No,Bank transfer (automatic),78.8,3597.5,6,1,0,0,79.94,0,0.06398497,Low,5.042015460133553,60.504185521602636
0513-RBGPE,Male,0,Yes,Yes,37,Yes,Yes,DSL,Yes,No,Yes,Yes,No,No,Two year,Yes,Credit card (automatic),62.8,2278.75,5,1,0,0,61.59,0,0.0203421,Low,1.277483905851841,15.329806870222093
7251-XFOIL,Female,0,No,No,61,Yes,Yes,Fiber optic,No,No,Yes,No,No,Yes,Month-to-month,No,Mailed check,89.2,5500.6,4,1,1,0,90.17,0,0.12128518,Low,10.818637856841088,129.82365428209306
2525-GVKQU,Female,0,No,No,60,Yes,No,No,No internet service,No internet service,No internet service,No internet service,No internet service,No internet service,Two year,No,Mailed check,20.6,1093.0,1,0,0,0,18.22,0,0.009291164,Low,0.19139797110110524,2.296775653213263
7579-OOPEC,Female,1,Yes,No,2,Yes,No,DSL,No,Yes,No,No,No,No,Month-to-month,No,Credit card (automatic),50.15,115.1,2,1,1,0,57.55,1,0.43619072,Medium,21.874964827299117,262.49957792758937
3795-GWTRD,Female,0,Yes,Yes,63,Yes,No,DSL,Yes,Yes,Yes,Yes,Yes,No,Two year,No,Credit card (automatic),75.55,4707.85,6,1,0,0,74.73,0,0.013681837,Low,1.033662812365219,12.403953748382627
4750-ZRXIU,Female,1,No,No,4,Yes,Yes,Fiber optic,No,No,No,No,No,Yes,Month-to-month,Yes,Electronic check,84.6,360.1,3,1,1,1,90.02,1,0.85137445,High,72.02627824544906,864.3153389453887
5445-PZWGX,Male,0,No,No,62,Yes,Yes,Fiber optic,Yes,Yes,No,Yes,No,Yes,One year,No,Electronic check,102.0,6529.25,6,1,0,1,105.31,1,0.12497822,Low,12.74777863919735,152.9733436703682
0516-UXRMT,Female,0,No,No,62,Yes,Yes,Fiber optic,Yes,Yes,Yes,No,No,No,One year,Yes,Electronic check,92.05,5755.8,5,1,0,1,92.84,0,0.076226674,Low,7.016665343567729,84.19998412281274
0727-BNRLG,Male,0,No,No,69,Yes,Yes,Fiber optic,No,Yes,Yes,Yes,Yes,No,Two year,Yes,Credit card (automatic),97.65,6743.55,6,1,0,0,97.73,0,0.0344224,Low,3.361347490735352,40.33616988882423
3932-CMDTD,Female,0,No,No,4,Yes,No,Fiber optic,No,Yes,Yes,Yes,Yes,Yes,One year,Yes,Electronic check,105.65,443.9,6,1,0,1,110.98,1,0.33655548,Low,35.55708656311035,426.68503875732426
1264-FUHCX,Female,0,Yes,No,49,No,No phone service,DSL,No,Yes,No,Yes,Yes,Yes,One year,Yes,Credit card (automatic),56.3,2780.6,4,1,0,0,56.75,0,0.17045927,Low,9.596856927871704,115.16228313446044
6194-HBGQN,Male,0,No,No,51,Yes,Yes,DSL,Yes,Yes,Yes,Yes,Yes,No,One year,Yes,Credit card (automatic),81.15,4126.2,7,1,0,0,80.91,0,0.038295034,Low,3.1076420350000262,37.291704420000315
4524-QCSSM,Male,0,No,No,26,No,No phone service,DSL,Yes,Yes,No,No,No,Yes,Month-to-month,Yes,Bank transfer (automatic),44.65,1156.55,3,1,1,0,44.48,0,0.28003302,Low,12.503474439680575,150.0416932761669
4570-QHXHL,Female,0,No,No,9,Yes,No,DSL,No,No,No,No,No,No,Month-to-month,Yes,Electronic check,43.75,405.7,1,1,1,1,45.08,0,0.3374385,Low,14.762934111058712,177.15520933270454
2972-YDYUW,Female,0,No,No,57,Yes,Yes,Fiber optic,No,Yes,No,Yes,No,Yes,One year,No,Electronic check,94.7,5468.95,5,1,0,1,95.95,0,0.13288511,Low,12.584220235049726,151.0106428205967
2061-VVFST,Female,0,Yes,No,37,Yes,No,No,No internet service,No internet service,No internet service,No internet service,No internet service,No internet service,Month-to-month,No,Bank transfer (automatic),19.5,805.2,1,0,1,0,21.76,0,0.13650596,Low,2.661866247653961,31.942394971847534
6874-SGLHU,Male,0,No,No,30,Yes,No,Fiber optic,No,Yes,No,No,Yes,Yes,One year,Yes,Bank transfer (automatic),97.0,3021.3,4,1,0,0,100.71,0,0.24657312,Low,23.91759267449379,287.0111120939255
9844-FELAJ,Female,1,Yes,Yes,70,Yes,Yes,Fiber optic,No,Yes,Yes,Yes,Yes,Yes,One year,Yes,Electronic check,107.9,7475.85,7,1,0,1,106.8,0,0.11476084,Low,12.382694468647243,148.5923336237669
1902-XBTFB,Male,0,No,Yes,22,Yes,No,Fiber optic,No,Yes,Yes,No,Yes,No,Month-to-month,Yes,Electronic check,89.4,2001.5,4,1,1,1,90.98,1,0.46627447,Medium,41.68493762612343,500.21925151348114
9039-RBEEE,Male,0,No,No,39,No,No phone service,DSL,Yes,Yes,No,Yes,Yes,No,Month-to-month,Yes,Credit card (automatic),48.95,1880.85,4,1,1,0,48.23,1,0.100224994,Low,4.9060134623199705,58.872161547839646
9369-XFEHK,Female,1,Yes,No,33,Yes,Yes,Fiber optic,No,Yes,No,No,No,No,Month-to-month,Yes,Bank transfer (automatic),80.6,2656.5,3,1,1,0,80.5,1,0.37873206,Low,30.5258036673069,366.3096440076828
3680-CTHUH,Male,0,No,No,60,Yes,Yes,Fiber optic,Yes,Yes,Yes,Yes,Yes,Yes,One year,Yes,Credit card (automatic),116.6,7049.5,8,1,0,0,117.49,0,0.12406115,Low,14.465530362725257,173.58636435270307
3679-XASPY,Female,0,Yes,Yes,1,Yes,No,No,No internet service,No internet service,No internet service,No internet service,No internet service,No internet service,Month-to-month,No,Electronic check,19.45,19.45,1,0,1,1,19.45,0,0.42824492,Medium,8.32936366647482,99.95236399769783
9089-UOWJG,Female,0,Yes,Yes,12,Yes,No,DSL,No,No,Yes,No,Yes,No,Month-to-month,Yes,Credit card (automatic),58.35,740.55,3,1,1,0,61.71,0,0.19850914,Low,11.583008424192668,138.996101090312
1574-DYCWE,Female,0,Yes,Yes,51,Yes,No,No,No internet service,No internet service,No internet service,No internet service,No internet service,No internet service,Two year,No,Mailed check,19.95,1028.75,1,0,0,0,20.17,0,0.0063263047,Low,0.1262097797356546,1.514517356827855
9779-DPNEJ,Female,0,Yes,Yes,22,Yes,No,Fiber optic,No,No,No,No,No,Yes,Month-to-month,Yes,Electronic check,80.15,1790.65,2,1,1,1,81.39,0,0.4858797,Medium,38.94325710982085,467.3190853178502
2967-MXRAV,Male,0,Yes,Yes,1,Yes,No,No,No internet service,No internet service,No internet service,No internet service,No internet service,No internet service,One year,No,Mailed check,18.8,18.8,1,0,0,0,18.8,0,0.021677483,Low,0.40753667801618576,4.890440136194229
0327-WFZSY,Male,0,Yes,Yes,39,Yes,Yes,Fiber optic,No,No,Yes,No,Yes,Yes,One year,No,Electronic check,100.0,3835.55,5,1,0,1,98.35,0,0.21580483,Low,21.58048301935196,258.9657962322235
1731-TVIUK,Female,0,No,No,4,Yes,Yes,Fiber optic,No,Yes,No,Yes,No,Yes,Month-to-month,Yes,Electronic check,93.5,362.2,5,1,1,1,90.55,1,0.7974976,High,74.56602284312248,894.7922741174698
7666-WKRON,Female,0,No,No,39,Yes,No,Fiber optic,No,No,Yes,Yes,No,No,Two year,Yes,Electronic check,80.45,3201.55,3,1,0,1,82.09,1,0.08220078,Low,6.613052792102098,79.35663350522518
3865-ZYKAD,Male,1,Yes,No,69,Yes,Yes,Fiber optic,Yes,Yes,No,No,No,No,Month-to-month,Yes,Credit card (automatic),84.9,5785.65,4,1,1,0,83.85,0,0.20266621,Low,17.206361071765425,206.47633286118509
1465-LNTLJ,Male,1,Yes,No,8,Yes,No,DSL,No,No,Yes,Yes,No,Yes,Month-to-month,Yes,Credit card (automatic),64.4,581.7,4,1,1,0,72.71,0,0.15100643,Low,9.724814116954803,116.69776940345764
2696-RZVZW,Male,0,Yes,No,68,Yes,Yes,No,No internet service,No internet service,No internet service,No internet service,No internet service,No internet service,Two year,No,Credit card (automatic),25.05,1629.2,2,0,0,0,23.96,0,0.0098523535,Low,0.24680145476013424,2.9616174571216107
0685-MLYYM,Female,1,No,No,2,Yes,No,Fiber optic,No,No,No,No,No,No,Month-to-month,No,Electronic check,70.75,154.85,1,1,1,1,77.42,1,0.56491894,Medium,39.96801467239857,479.6161760687828
2778-OCLGR,Male,1,Yes,No,24,No,No phone service,DSL,Yes,No,No,No,No,Yes,Month-to-month,No,Bank transfer (automatic),39.1,971.3,2,1,1,0,40.47,1,0.39633164,Low,15.496567049622536,185.95880459547044
3982-XWFZQ,Female,0,Yes,No,42,Yes,Yes,DSL,No,No,No,No,No,No,Month-to-month,Yes,Electronic check,50.25,2203.65,2,1,1,1,52.47,1,0.25061518,Low,12.593412771821022,151.12095326185226
4759-PXTAN,Female,0,Yes,No,59,Yes,Yes,DSL,No,Yes,No,Yes,Yes,Yes,One year,Yes,Electronic check,80.1,4693.2,6,1,0,1,79.55,0,0.12351344,Low,9.893426368385553,118.72111642062663
1448-PWKYE,Male,0,Yes,Yes,1,Yes,No,Fiber optic,No,No,No,No,No,Yes,Month-to-month,No,Electronic check,80.0,80.0,2,1,1,1,80.0,1,0.8387467,High,67.09973812103271,805.1968574523926
8741-LQOBK,Female,0,Yes,Yes,46,No,No phone service,DSL,Yes,Yes,No,No,No,No,Month-to-month,No,Bank transfer (automatic),35.05,1620.25,2,1,1,0,35.22,0,0.13666357,Low,4.790058163553476,57.48069796264171
8650-RHRKE,Male,0,No,No,4,No,No phone service,DSL,No,No,Yes,No,No,No,Month-to-month,Yes,Electronic check,29.65,118.5,1,1,1,1,29.62,1,0.5967635,Medium,17.694037526845932,212.32845032215118
7266-GSSJX,Male,0,Yes,Yes,11,Yes,No,No,No internet service,No internet service,No internet service,No internet service,No internet service,No internet service,Month-to-month,Yes,Electronic check,20.45,250.8,1,0,1,1,22.8,0,0.07284869,Low,1.4897557623684405,17.877069148421285
1265-HVPZB,Male,0,Yes,No,59,Yes,No,DSL,Yes,Yes,Yes,No,Yes,No,One year,No,Credit card (automatic),66.4,3958.2,5,1,0,0,67.09,0,0.028999215,Low,1.9255478754639628,23.106574505567554
9640-ZSLDC,Female,0,Yes,Yes,53,Yes,No,DSL,No,No,Yes,No,No,Yes,One year,No,Credit card (automatic),60.6,3297.0,3,1,0,0,62.21,0,0.091860235,Low,5.5667302250862125,66.80076270103456
0988-JRWWP,Female,0,No,No,3,Yes,No,DSL,No,No,No,No,Yes,No,Month-to-month,Yes,Electronic check,54.2,140.4,2,1,1,1,46.8,0,0.6843675,Medium,37.09271730184555,445.11260762214664
1926-QUZNN,Female,0,Yes,No,72,Yes,Yes,No,No internet service,No internet service,No internet service,No internet service,No internet service,No internet service,Two year,Yes,Bank transfer (automatic),25.25,1841.2,2,0,0,0,25.57,0,0.0031707936,Low,0.08006253949133679,0.9607504738960415
9025-ZRPVR,Male,0,No,No,9,Yes,No,No,No internet service,No internet service,No internet service,No internet service,No internet service,No internet service,Month-to-month,Yes,Mailed check,18.95,185.6,1,0,1,0,20.62,1,0.030992413,Low,0.587306225206703,7.047674702480435
6527-PZFPV,Male,0,Yes,Yes,24,Yes,No,No,No internet service,No internet service,No internet service,No internet service,No internet service,No internet service,One year,Yes,Credit card (automatic),20.8,469.65,1,0,0,0,19.57,0,0.014682035,Low,0.30538632720708847,3.6646359264850616
7460-ITWWP,Female,1,Yes,No,45,Yes,No,Fiber optic,No,No,Yes,No,No,Yes,Month-to-month,Yes,Electronic check,86.1,3861.45,3,1,1,1,85.81,0,0.366947,Low,31.594136291742323,379.12963550090785
1530-ZTDOZ,Female,0,Yes,No,49,No,No phone service,DSL,Yes,No,No,No,Yes,No,Month-to-month,No,Bank transfer (automatic),40.65,2070.75,2,1,1,0,42.26,0,0.21984671,Low,8.936768784373998,107.24122541248798
4785-FCIFB,Female,0,Yes,No,61,Yes,Yes,No,No internet service,No internet service,No internet service,No internet service,No internet service,No internet service,Two year,No,Mailed check,24.4,1417.9,2,0,0,0,23.24,0,0.010948836,Low,0.2671515952795744,3.2058191433548924
9717-QEBGU,Male,0,No,No,2,Yes,No,Fiber optic,No,No,No,No,No,No,Month-to-month,Yes,Electronic check,70.3,144.0,1,1,1,1,72.0,0,0.5773307,Medium,40.58634880781174,487.0361856937409
0876-WDUUZ,Female,0,No,No,5,Yes,No,Fiber optic,No,No,No,Yes,No,Yes,Month-to-month,Yes,Credit card (automatic),85.4,425.9,3,1,1,0,85.18,1,0.6768737,Medium,57.80501260757447,693.6601512908936
7881-EVUAD,Female,0,No,No,2,No,No phone service,DSL,Yes,Yes,No,No,No,Yes,Month-to-month,Yes,Electronic check,42.6,72.4,3,1,1,1,36.2,1,0.5709875,Medium,24.324068462848665,291.888821554184
4002-BQWPQ,Male,0,No,No,25,Yes,Yes,DSL,Yes,Yes,Yes,Yes,No,Yes,Month-to-month,No,Bank transfer (automatic),81.75,2028.8,7,1,1,0,81.15,0,0.085863955,Low,7.019378347322345,84.23254016786814
6377-WHAOX,Female,0,Yes,No,60,Yes,Yes,Fiber optic,No,Yes,Yes,No,Yes,Yes,Month-to-month,Yes,Electronic check,106.15,6411.25,6,1,1,1,106.85,0,0.5549686,Medium,58.909916412830356,706.9189969539643
5027-YOCXN,Male,0,Yes,Yes,51,Yes,Yes,Fiber optic,Yes,Yes,No,Yes,Yes,Yes,One year,No,Credit card (automatic),110.05,5686.4,7,1,0,0,111.5,0,0.16772962,Low,18.458644258975983,221.50373110771181
8450-JOVAH,Male,0,Yes,Yes,2,Yes,Yes,DSL,Yes,No,No,No,No,No,Month-to-month,No,Mailed check,56.7,113.55,3,1,1,0,56.78,1,0.26691046,Low,15.133823284506798,181.60587941408158
6646-QVXLR,Male,1,Yes,No,62,Yes,Yes,Fiber optic,No,Yes,Yes,No,Yes,Yes,One year,Yes,Electronic check,103.75,6383.35,6,1,0,1,102.96,1,0.27590632,Low,28.625281155109406,343.50337386131287
0254-KCJGT,Male,0,Yes,No,52,Yes,Yes,DSL,Yes,Yes,Yes,Yes,No,Yes,One year,Yes,Credit card (automatic),81.4,4354.45,7,1,0,0,83.74,0,0.07589997,Low,6.178257843852044,74.13909412622452
3442-ZHHCC,Male,0,No,No,68,Yes,Yes,DSL,Yes,Yes,Yes,No,No,Yes,One year,Yes,Credit card (automatic),76.9,5023.0,6,1,0,0,73.87,0,0.13877533,Low,10.671823166310787,128.06187799572945
9167-APMXZ,Female,0,No,No,22,Yes,Yes,Fiber optic,No,No,No,No,Yes,No,Month-to-month,Yes,Bank transfer (automatic),84.15,1821.95,3,1,1,0,82.82,0,0.4413195,Medium,37.1370355412364,445.6444264948368
0616-ATFGB,Male,1,Yes,No,1,No,No phone service,DSL,No,No,No,No,No,No,Month-to-month,No,Electronic check,25.05,25.05,0,1,1,1,25.05,1,0.76325333,High,19.1194959461689,229.43395135402682
7273-TEFQD,Male,1,No,No,3,No,No phone service,DSL,No,No,Yes,No,No,Yes,Month-to-month,Yes,Electronic check,41.15,132.2,2,1,1,1,44.07,1,0.81113476,High,33.378195193409915,400.538342320919
8245-UMPYT,Female,1,No,No,16,Yes,Yes,Fiber optic,No,No,No,No,Yes,Yes,Month-to-month,Yes,Electronic check,96.4,1581.2,4,1,1,1,98.82,1,0.7685145,High,74.08479914665223,889.0175897598267
6022-UGGSO,Female,1,No,No,32,Yes,No,Fiber optic,No,Yes,No,No,No,No,Month-to-month,Yes,Electronic check,74.4,2276.95,2,1,1,1,71.15,1,0.45093274,Medium,33.549395942687994,402.5927513122559
6292-TOSSS,Male,0,No,No,50,Yes,Yes,No,No internet service,No internet service,No internet service,No internet service,No internet service,No internet service,Two year,No,Bank transfer (automatic),24.9,1195.25,2,0,0,0,23.9,0,0.03212388,Low,0.7998845770955085,9.598614925146101
5207-PLSTK,Male,0,Yes,Yes,1,Yes,No,DSL,Yes,No,No,No,No,No,Month-to-month,Yes,Mailed check,48.75,48.75,2,1,1,0,48.75,0,0.45522293,Medium,22.19211805611849,266.30541667342186
3908-BLSYF,Female,0,No,No,6,Yes,No,Fiber optic,No,No,Yes,No,No,Yes,Month-to-month,No,Electronic check,83.9,497.55,3,1,1,1,82.92,1,0.6104548,Medium,51.21715753078461,614.6058903694153
4317-VTEOA,Male,0,No,No,1,Yes,No,DSL,No,Yes,No,No,No,No,Month-to-month,Yes,Electronic check,50.75,50.75,2,1,1,1,50.75,1,0.6647399,Medium,33.73555026948452,404.82660323381424
0625-AFOHS,Female,0,Yes,Yes,29,Yes,No,No,No internet service,No internet service,No internet service,No internet service,No internet service,No internet service,Two year,No,Mailed check,20.2,558.8,1,0,0,0,19.27,0,0.012342806,Low,0.2493246806785464,2.991896168142557
4667-OHGKG,Male,0,No,No,1,Yes,No,No,No internet service,No internet service,No internet service,No internet service,No internet service,No internet service,Month-to-month,Yes,Mailed check,19.3,19.3,1,0,1,0,19.3,1,0.39363858,Low,7.597224614024163,91.16669536828995
2386-OWURY,Female,0,No,No,58,Yes,No,Fiber optic,No,No,No,Yes,Yes,Yes,Month-to-month,Yes,Electronic check,95.3,5817.7,4,1,1,1,100.31,0,0.28530446,Low,27.189514747262,326.274176967144
3780-DDGSE,Male,1,Yes,Yes,35,Yes,No,DSL,No,Yes,No,Yes,Yes,Yes,Month-to-month,Yes,Electronic check,76.05,2747.2,5,1,1,1,78.49,0,0.1385918,Low,10.53990609794855,126.4788731753826
1047-RNXZV,Male,0,No,No,43,Yes,No,No,No internet service,No internet service,No internet service,No internet service,No internet service,No internet service,Two year,No,Mailed check,19.55,876.15,1,0,0,0,20.38,0,0.007681892,Low,0.15018098445143552,1.8021718134172262
3926-YZVVX,Female,0,No,No,41,Yes,No,DSL,No,No,No,Yes,No,No,One year,No,Bank transfer (automatic),50.05,2029.05,2,1,0,0,49.49,0,0.039013326,Low,1.9526169747114182,23.431403696537018
4742-TXUEX,Female,0,Yes,Yes,47,Yes,No,No,No internet service,No internet service,No internet service,No internet service,No internet service,No internet service,Two year,No,Bank transfer (automatic),19.3,890.5,1,0,0,0,18.95,0,0.00958219,Low,0.18493626397103072,2.2192351676523687
8709-KRDVL,Female,0,No,No,33,Yes,Yes,Fiber optic,No,Yes,No,No,Yes,Yes,Month-to-month,Yes,Electronic check,100.0,3320.6,5,1,1,1,100.62,0,0.63970864,Medium,63.970863819122314,767.6503658294678
0397-ZXWQF,Male,0,No,No,67,Yes,No,No,No internet service,No internet service,No internet service,No internet service,No internet service,No internet service,Two year,No,Bank transfer (automatic),20.5,1430.95,1,0,0,0,21.36,0,0.0044648284,Low,0.0915289823897183,1.0983477886766195
3910-MRQOY,Female,0,Yes,No,72,Yes,No,No,No internet service,No internet service,No internet service,No internet service,No internet service,No internet service,Two year,No,Bank transfer (automatic),19.4,1496.45,1,0,0,0,20.78,0,0.0043386067,Low,0.08416897049173712,1.0100276459008455
2511-MORQY,Male,0,Yes,Yes,50,Yes,Yes,DSL,No,No,Yes,No,No,No,One year,No,Bank transfer (automatic),54.9,2614.1,3,1,0,0,52.28,0,0.095473975,Low,5.2415212243795395,62.898254692554474
4039-PIMHX,Male,1,Yes,No,49,Yes,No,DSL,No,Yes,No,No,No,No,Two year,No,Mailed check,49.8,2398.4,2,1,0,0,48.95,0,0.06214969,Low,3.095054492354393,37.140653908252716
8083-YTZES,Male,0,No,No,4,Yes,Yes,Fiber optic,No,No,No,No,No,No,Month-to-month,Yes,Electronic check,74.35,265.35,2,1,1,1,66.34,1,0.73137015,High,54.37737073004245,652.5284487605094
1346-PJWTK,Male,0,Yes,No,61,Yes,No,Fiber optic,No,Yes,Yes,Yes,No,Yes,Month-to-month,No,Credit card (automatic),94.15,5731.85,5,1,1,0,93.96,0,0.07154976,Low,6.736409745365382,80.83691694438458
3750-YHRYO,Male,0,Yes,Yes,7,Yes,No,No,No internet service,No internet service,No internet service,No internet service,No internet service,No internet service,One year,No,Mailed check,20.65,150.0,1,0,0,0,21.43,0,0.018215965,Low,0.376159687153995,4.51391624584794
1236-WFCDV,Male,1,No,No,14,Yes,No,Fiber optic,No,No,No,No,Yes,Yes,Month-to-month,No,Credit card (automatic),90.45,1266.1,3,1,1,0,90.44,1,0.41526917,Medium,37.56109608560801,450.7331530272961
5949-HGVJL,Female,0,Yes,No,26,Yes,No,DSL,No,Yes,No,Yes,Yes,Yes,Month-to-month,Yes,Electronic check,73.05,1959.5,5,1,1,1,75.37,0,0.16039562,Low,11.716900205612182,140.60280246734618
9112-WSNPU,Female,1,No,No,35,Yes,No,Fiber optic,No,No,No,No,No,No,Month-to-month,No,Electronic check,70.55,2419.0,1,1,1,1,69.11,0,0.4681258,Medium,33.026274509727955,396.31529411673546
1360-JYXKQ,Female,1,Yes,No,54,Yes,No,Fiber optic,No,No,Yes,Yes,Yes,Yes,One year,Yes,Electronic check,99.1,5437.1,5,1,0,1,100.69,0,0.253897,Low,25.161193817853928,301.93432581424713
3585-ISXZP,Female,0,No,No,8,Yes,Yes,Fiber optic,No,No,No,No,Yes,Yes,Month-to-month,No,Bank transfer (automatic),95.65,778.1,4,1,1,0,97.26,1,0.77262986,High,73.90204582810402,886.8245499372483
8380-PEFPE,Male,0,No,Yes,1,Yes,No,Fiber optic,No,No,No,No,No,No,Month-to-month,Yes,Electronic check,71.65,71.65,1,1,1,1,71.65,1,0.7918839,High,56.73848042190075,680.861765062809
9402-ROUMJ,Female,0,Yes,Yes,67,Yes,Yes,Fiber optic,Yes,No,Yes,Yes,No,Yes,One year,Yes,Bank transfer (automatic),100.25,6689.0,6,1,0,0,99.84,0,0.13882597,Low,13.917303282767534,167.0076393932104
4335-UPJSI,Female,0,No,Yes,24,Yes,No,No,No internet service,No internet service,No internet service,No internet service,No internet service,No internet service,Two year,No,Mailed check,19.75,498.1,1,0,0,0,20.75,0,0.010746177,Low,0.21223700139671564,2.5468440167605877
6096-EGVTU,Female,0,Yes,Yes,64,Yes,Yes,No,No internet service,No internet service,No internet service,No internet service,No internet service,No internet service,One year,No,Mailed check,24.9,1595.5,2,0,0,0,24.93,0,0.011354925,Low,0.2827376352623105,3.3928516231477257
8988-ECPJR,Female,1,Yes,Yes,34,Yes,Yes,Fiber optic,No,Yes,No,No,No,No,Month-to-month,Yes,Mailed check,79.6,2718.3,3,1,1,0,79.95,1,0.33884895,Low,26.97237629890442,323.668515586853
7677-SJJJK,Male,0,Yes,Yes,8,Yes,No,No,No internet service,No internet service,No internet service,No internet service,No internet service,No internet service,One year,No,Credit card (automatic),19.9,153.95,1,0,0,0,19.24,0,0.03091918,Low,0.6152916684746742,7.38350002169609
5850-BDWCY,Female,0,No,No,6,Yes,No,No,No internet service,No internet service,No internet service,No internet service,No internet service,No internet service,Month-to-month,No,Mailed check,20.2,123.65,1,0,1,0,20.61,0,0.08152901,Low,1.6468859285116195,19.762631142139433
2025-JKFWI,Male,0,No,No,13,Yes,Yes,Fiber optic,No,No,No,Yes,Yes,Yes,Month-to-month,Yes,Mailed check,99.0,1301.7,5,1,1,0,100.13,1,0.65315884,Medium,64.66272550821304,775.9527060985565
8028-PNXHQ,Male,0,Yes,Yes,62,Yes,Yes,No,No internet service,No internet service,No internet service,No internet service,No internet service,No internet service,Two year,Yes,Bank transfer (automatic),24.25,1424.6,2,0,0,0,22.98,0,0.008260504,Low,0.2003172303084284,2.403806763701141
8397-MVTAZ,Male,0,Yes,No,34,Yes,Yes,Fiber optic,No,No,Yes,No,Yes,Yes,Month-to-month,Yes,Electronic check,100.05,3480.0,5,1,1,1,102.35,1,0.71488136,High,71.52388012111187,858.2865614533425
4445-ZJNMU,Male,0,No,No,9,Yes,Yes,Fiber optic,No,Yes,No,No,Yes,Yes,Month-to-month,Yes,Credit card (automatic),99.3,918.75,5,1,1,0,102.08,0,0.8876681,High,88.14543966650963,1057.7452759981156
3125-RAHBV,Male,0,No,No,22,Yes,No,No,No internet service,No internet service,No internet service,No internet service,No internet service,No internet service,One year,No,Credit card (automatic),20.3,467.15,1,0,0,0,21.23,0,0.012939929,Low,0.2626805593259633,3.1521667119115593
6682-QJDGB,Male,0,No,Yes,40,Yes,No,DSL,Yes,Yes,No,No,No,No,Month-to-month,Yes,Mailed check,55.25,2139.2,3,1,1,0,53.48,1,0.13566518,Low,7.495501101016998,89.94601321220398
8840-DQLGN,Female,1,Yes,No,35,Yes,Yes,Fiber optic,Yes,Yes,No,Yes,Yes,No,Month-to-month,Yes,Bank transfer (automatic),100.5,3653.35,6,1,1,0,104.38,1,0.18820187,Low,18.914288386702538,226.97146064043045
6258-NGCNG,Male,0,No,No,7,Yes,Yes,No,No internet service,No internet service,No internet service,No internet service,No internet service,No internet service,Month-to-month,No,Mailed check,23.5,173.0,2,0,1,0,24.71,0,0.12434649,Low,2.9221424497663975,35.06570939719677
5917-RYRMG,Male,1,No,No,32,Yes,No,No,No internet service,No internet service,No internet service,No internet service,No internet service,No internet service,One year,No,Credit card (automatic),19.8,587.7,1,0,0,0,18.37,0,0.008370133,Low,0.16572863571345806,1.9887436285614966
7157-SMCFK,Male,0,No,Yes,61,Yes,No,No,No internet service,No internet service,No internet service,No internet service,No internet service,No internet service,Two year,No,Mailed check,19.75,1124.2,1,0,0,0,18.43,0,0.012581656,Low,0.24848770117387176,2.981852414086461
0816-TSPHQ,Male,0,No,No,2,Yes,No,No,No internet service,No internet service,No internet service,No internet service,No internet service,No internet service,Month-to-month,No,Mailed check,20.75,44.2,1,0,1,0,22.1,0,0.083349176,Low,1.7294953968375921,20.753944762051105
6766-HFKLA,Female,0,Yes,No,56,Yes,Yes,Fiber optic,No,No,Yes,Yes,Yes,Yes,Two year,No,Bank transfer (automatic),103.2,5744.35,6,1,0,0,102.58,0,0.08774159,Low,9.054932194948197,108.65918633937837
7067-KSAZT,Female,1,Yes,No,65,Yes,Yes,Fiber optic,No,Yes,Yes,No,Yes,Yes,One year,Yes,Electronic check,106.25,6979.8,6,1,0,1,107.38,1,0.2302249,Low,24.461396411061287,293.53675693273544
5155-AZQPB,Female,0,Yes,Yes,28,Yes,Yes,DSL,No,No,No,No,No,No,Month-to-month,No,Mailed check,49.9,1410.25,2,1,1,0,50.37,0,0.07042203,Low,3.5140593461692333,42.1687121540308
6890-PFRQX,Male,0,No,No,18,Yes,Yes,DSL,Yes,No,Yes,No,Yes,No,Month-to-month,No,Mailed check,69.5,1199.4,5,1,1,0,66.63,0,0.14093615,Low,9.795062504708767,117.5407500565052
3508-VLHCZ,Female,0,Yes,Yes,71,Yes,Yes,DSL,Yes,Yes,Yes,Yes,Yes,Yes,Two year,Yes,Credit card (automatic),90.55,6239.05,8,1,0,0,87.87,0,0.00501363,Low,0.4539841778576374,5.4478101342916485
3649-JPUGY,Male,0,No,No,72,Yes,Yes,DSL,No,Yes,Yes,Yes,Yes,Yes,Two year,Yes,Bank transfer (automatic),88.6,6201.95,7,1,0,0,86.14,0,0.008767731,Low,0.7768209272995591,9.321851127594709
9248-OJYKK,Male,1,No,No,1,Yes,Yes,Fiber optic,No,No,No,No,No,No,Month-to-month,Yes,Electronic check,76.45,76.45,2,1,1,1,76.45,1,0.9320513,High,71.25532196164131,855.0638635396958
7239-HZZCX,Male,0,No,No,1,Yes,No,No,No internet service,No internet service,No internet service,No internet service,No internet service,No internet service,Month-to-month,No,Mailed check,19.75,19.75,1,0,1,0,19.75,1,0.3539005,Low,6.989534720778465,83.87441664934158
9860-LISIZ,Female,0,No,No,34,Yes,No,No,No internet service,No internet service,No internet service,No internet service,No internet service,No internet service,Month-to-month,No,Mailed check,20.35,673.2,1,0,1,0,19.8,0,0.041525804,Low,0.8450501013547183,10.14060121625662
6979-ZNSFF,Female,0,No,No,8,Yes,Yes,Fiber optic,No,No,No,No,Yes,No,Month-to-month,Yes,Electronic check,87.05,762.1,3,1,1,1,95.26,1,0.8483472,High,73.84862263202668,886.1834715843202
8938-UMKPI,Female,0,No,No,47,Yes,Yes,Fiber optic,No,Yes,Yes,No,Yes,Yes,Month-to-month,Yes,Electronic check,106.4,5127.95,6,1,1,1,109.11,1,0.61300725,Medium,65.22397112846375,782.6876535415649
1820-DJFPH,Female,0,Yes,Yes,72,Yes,Yes,No,No internet service,No internet service,No internet service,No internet service,No internet service,No internet service,Two year,Yes,Bank transfer (automatic),24.05,1709.15,2,0,0,0,23.74,0,0.0047210725,Low,0.1135417936835438,1.3625015242025258
0732-OCQOC,Female,0,Yes,Yes,52,Yes,Yes,No,No internet service,No internet service,No internet service,No internet service,No internet service,No internet service,Two year,Yes,Bank transfer (automatic),25.05,1270.25,2,0,0,0,24.43,0,0.012587243,Low,0.31531043113209306,3.7837251735851165
6776-TLWOI,Male,0,No,No,3,Yes,No,No,No internet service,No internet service,No internet service,No internet service,No internet service,No internet service,Month-to-month,No,Mailed check,19.85,64.55,1,0,1,0,21.52,1,0.1249944,Low,2.481138783693314,29.773665404319765
4940-KHCWD,Female,0,Yes,No,60,No,No phone service,DSL,Yes,Yes,No,Yes,No,No,Two year,No,Bank transfer (automatic),37.7,2288.7,3,1,0,0,38.14,0,0.015907915,Low,0.5997284071519972,7.196740885823965
9057-SIHCH,Female,0,No,No,3,Yes,Yes,Fiber optic,No,No,No,No,Yes,Yes,Month-to-month,Yes,Electronic check,96.6,291.9,4,1,1,1,97.3,1,0.89675707,High,86.62673259973525,1039.520791196823
9866-QEVEE,Male,0,No,No,19,Yes,Yes,Fiber optic,No,No,No,No,No,Yes,Month-to-month,Yes,Bank transfer (automatic),86.0,1532.45,3,1,1,0,80.66,1,0.3795577,Low,32.641962110996246,391.70354533195496
5542-TBBWB,Male,0,No,No,1,Yes,No,Fiber optic,No,No,No,No,No,No,Month-to-month,Yes,Electronic check,69.9,69.9,1,1,1,1,69.9,0,0.8464763,High,59.16869451999665,710.0243342399598
4587-VVTOX,Female,0,Yes,No,6,Yes,Yes,Fiber optic,No,Yes,Yes,No,Yes,Yes,Month-to-month,Yes,Electronic check,105.3,545.2,6,1,1,1,90.87,1,0.83209527,High,87.61963144540786,1051.4355773448942
6322-HRPFA,Male,0,Yes,Yes,49,Yes,No,DSL,Yes,Yes,No,Yes,No,No,Month-to-month,No,Credit card (automatic),59.6,2970.3,4,1,1,0,60.62,0,0.101092465,Low,6.025110927224159,72.30133112668992
6284-AHOOQ,Male,1,No,No,22,Yes,Yes,Fiber optic,No,No,No,Yes,Yes,No,Month-to-month,Yes,Bank transfer (automatic),90.5,1910.6,4,1,1,0,86.85,1,0.3619718,Low,32.758447498083115,393.1013699769974
4530-NDRKU,Female,0,Yes,Yes,42,Yes,No,No,No internet service,No internet service,No internet service,No internet service,No internet service,No internet service,One year,Yes,Electronic check,19.05,761.85,1,0,0,1,18.14,0,0.010414495,Low,0.1983961322810501,2.380753587372601
1751-NCDLI,Male,1,Yes,No,46,Yes,Yes,Fiber optic,No,No,Yes,No,Yes,Yes,Month-to-month,Yes,Electronic check,98.85,4564.9,5,1,1,1,99.24,0,0.70839053,High,70.02440427839755,840.2928513407707
3893-JRNFS,Male,0,No,No,68,No,No phone service,DSL,No,No,Yes,No,No,Yes,Month-to-month,Yes,Bank transfer (automatic),39.9,2796.35,2,1,1,0,41.12,0,0.1719743,Low,6.8617746233940125,82.34129548072815
5857-XRECV,Female,0,No,Yes,2,Yes,No,No,No internet service,No internet service,No internet service,No internet service,No internet service,No internet service,One year,No,Bank transfer (automatic),20.5,38.25,1,0,0,0,19.12,0,0.049314156,Low,1.0109402015805244,12.131282418966293
3115-CZMZD,Male,0,No,Yes,0,Yes,No,No,No internet service,No internet service,No internet service,No internet service,No internet service,No internet service,Two year,No,Mailed check,20.25,0.0,1,0,0,0,0.0,0,0.012014587,Low,0.2432953950483352,2.9195447405800223
4489-SNOJF,Female,0,Yes,Yes,35,Yes,Yes,DSL,Yes,No,Yes,Yes,Yes,No,Month-to-month,No,Electronic check,72.25,2568.55,6,1,1,1,73.39,1,0.14772956,Low,10.673460762947798,128.08152915537357
1051-GEJLJ,Female,0,No,No,2,Yes,No,No,No internet service,No internet service,No internet service,No internet service,No internet service,No internet service,Month-to-month,No,Mailed check,19.5,27.55,1,0,1,0,13.78,0,0.14404108,Low,2.8088009878993034,33.70561185479164
3563-SVYLG,Male,0,Yes,Yes,68,Yes,No,DSL,Yes,Yes,Yes,Yes,No,No,Two year,No,Credit card (automatic),62.65,4375.8,5,1,0,0,64.35,0,0.01088852,Low,0.6821657590102405,8.185989108122886
4301-VVZKA,Male,0,Yes,No,16,Yes,Yes,Fiber optic,No,No,No,No,No,No,Month-to-month,Yes,Electronic check,75.4,1189.4,2,1,1,1,74.34,0,0.6367062,Medium,48.007645475864415,576.091745710373
9351-HXDMR,Male,0,Yes,No,72,Yes,Yes,Fiber optic,Yes,No,Yes,Yes,Yes,Yes,Two year,Yes,Credit card (automatic),110.9,8240.85,7,1,0,0,114.46,0,0.05640499,Low,6.2553133036941295,75.06375964432955
5161-XEUVX,Male,0,Yes,No,37,Yes,Yes,Fiber optic,No,No,Yes,Yes,Yes,No,Two year,No,Mailed check,94.3,3460.95,5,1,0,0,93.54,0,0.038669925,Low,3.646573944762349,43.75888733714819
3088-FVYWK,Male,0,Yes,Yes,53,Yes,Yes,No,No internet service,No internet service,No internet service,No internet service,No internet service,No internet service,Two year,No,Credit card (automatic),25.55,1336.1,2,0,0,0,25.21,0,0.013959491,Low,0.3566649872343987,4.279979846812784
9812-GHVRI,Female,0,No,No,40,Yes,Yes,Fiber optic,No,No,No,No,No,Yes,Month-to-month,No,Bank transfer (automatic),83.85,3532.25,3,1,1,0,88.31,0,0.3186622,Low,26.719825167953967,320.6379020154476
1370-GGAWX,Female,0,No,No,46,Yes,Yes,Fiber optic,No,Yes,Yes,No,No,Yes,One year,Yes,Electronic check,94.15,4408.45,5,1,0,1,95.84,0,0.19671565,Low,18.520778724551203,222.24934469461442
6023-YEBUP,Male,0,No,No,3,Yes,Yes,Fiber optic,No,No,Yes,No,Yes,Yes,Month-to-month,Yes,Electronic check,100.95,329.95,5,1,1,1,109.98,1,0.7533735,High,76.0530551970005,912.636662364006
9940-RHLFB,Female,0,No,No,1,Yes,No,Fiber optic,No,No,Yes,No,No,No,Month-to-month,No,Electronic check,75.3,75.3,2,1,1,1,75.3,1,0.75808215,High,57.08358600139618,685.0030320167541
4541-RMRLG,Male,0,No,No,7,Yes,No,No,No internet service,No internet service,No internet service,No internet service,No internet service,No internet service,Month-to-month,No,Electronic check,19.25,112.3,1,0,1,1,16.04,1,0.04100735,Low,0.789391509257257,9.472698111087084
2606-RMDHZ,Male,0,No,No,6,No,No phone service,DSL,No,Yes,No,No,No,No,Month-to-month,Yes,Credit card (automatic),30.5,208.7,1,1,1,0,34.78,1,0.4102401,Medium,12.512323468923569,150.14788162708282
5575-TPIZQ,Male,0,No,No,46,Yes,Yes,Fiber optic,Yes,No,No,No,Yes,No,Month-to-month,Yes,Credit card (automatic),89.15,4245.55,4,1,1,0,92.29,0,0.25889692,Low,23.080660159885884,276.9679219186306
9378-FXTIZ,Female,0,Yes,No,54,Yes,Yes,DSL,No,No,No,No,Yes,Yes,One year,Yes,Credit card (automatic),70.15,3715.65,4,1,0,0,68.81,1,0.11123568,Low,7.80318282544613,93.63819390535356
4631-OACRM,Male,1,No,No,15,Yes,No,Fiber optic,No,No,No,No,No,Yes,Month-to-month,Yes,Electronic check,79.4,1156.1,2,1,1,1,77.07,1,0.6235154,Medium,49.5071249127388,594.0854989528657
8593-WHYHV,Male,0,No,No,3,Yes,Yes,Fiber optic,No,No,No,No,No,Yes,Month-to-month,Yes,Electronic check,85.3,264.8,3,1,1,1,88.27,1,0.8446407,High,72.04784933924675,864.5741920709611
1403-GYAFU,Male,0,Yes,Yes,70,Yes,No,No,No internet service,No internet service,No internet service,No internet service,No internet service,No internet service,Two year,No,Credit card (automatic),20.05,1360.25,1,0,0,0,19.43,0,0.0065862825,Low,0.13205496440641581,1.5846595728769897
7641-TQFHN,Male,0,No,Yes,39,Yes,Yes,Fiber optic,No,No,No,Yes,Yes,Yes,Two year,No,Mailed check,100.55,3895.35,5,1,0,0,99.88,0,0.030141188,Low,3.030696436483413,36.36835723780095
4237-CLSMM,Male,0,Yes,No,2,Yes,No,No,No internet service,No internet service,No internet service,No internet service,No internet service,No internet service,Month-to-month,No,Mailed check,20.0,38.0,1,0,1,0,19.0,0,0.15269212,Low,3.0538424849510193,36.64610981941223
4360-PNRQB,Male,0,No,No,18,Yes,Yes,Fiber optic,No,No,No,No,No,No,Month-to-month,Yes,Bank transfer (automatic),75.6,1395.05,2,1,1,0,77.5,0,0.3179708,Low,24.038593411445614,288.46312093734736
5334-AFQJB,Male,1,No,No,72,Yes,Yes,No,No internet service,No internet service,No internet service,No internet service,No internet service,No internet service,Two year,Yes,Credit card (automatic),25.1,1789.9,2,0,0,0,24.86,0,0.0058632004,Low,0.14716633022762837,1.7659959627315405
9308-ANMVE,Male,0,No,Yes,47,Yes,No,DSL,Yes,Yes,No,No,No,No,Month-to-month,Yes,Electronic check,55.3,2654.05,3,1,1,1,56.47,0,0.21112828,Low,11.675393860042094,140.10472632050514
3530-VWVGU,Female,0,Yes,Yes,22,Yes,No,No,No internet service,No internet service,No internet service,No internet service,No internet service,No internet service,Month-to-month,No,Mailed check,19.9,400.3,1,0,1,0,18.2,0,0.02965861,Low,0.5902063390240073,7.082476068288088
4674-HGNUA,Male,0,Yes,Yes,71,Yes,Yes,DSL,Yes,Yes,Yes,Yes,Yes,Yes,Two year,No,Credit card (automatic),89.9,6457.15,8,1,0,0,90.95,0,0.005439358,Low,0.4889982691034675,5.86797922924161
3030-YDNRM,Male,0,No,No,8,Yes,Yes,Fiber optic,No,No,No,No,No,No,Month-to-month,Yes,Electronic check,74.85,572.45,2,1,1,1,71.56,0,0.6935985,Medium,51.915848386287685,622.9901806354522
3642-BYHDO,Female,0,Yes,Yes,71,Yes,No,No,No internet service,No internet service,No internet service,No internet service,No internet service,No internet service,Two year,No,Bank transfer (automatic),19.9,1389.35,1,0,0,0,19.57,0,0.010072826,Low,0.20044924551621077,2.405390946194529
0440-UEDAI,Female,0,No,No,53,Yes,No,Fiber optic,No,Yes,Yes,Yes,No,Yes,One year,Yes,Credit card (automatic),94.45,5042.75,5,1,0,0,95.15,0,0.100247614,Low,9.468387150391937,113.62064580470324
9819-FBNSV,Male,1,Yes,No,37,Yes,No,Fiber optic,No,No,No,No,No,No,Month-to-month,Yes,Bank transfer (automatic),72.25,2575.45,1,1,1,0,69.61,0,0.36407012,Low,26.304065987467766,315.6487918496132
9289-LBQVU,Male,0,Yes,No,64,Yes,Yes,DSL,No,Yes,No,Yes,No,Yes,One year,Yes,Mailed check,70.15,4480.7,5,1,0,0,70.01,0,0.05614349,Low,3.938465734757483,47.2615888170898
4468-YDOVK,Male,0,No,Yes,5,Yes,No,DSL,No,No,No,Yes,No,No,Month-to-month,Yes,Bank transfer (automatic),48.65,235.2,2,1,1,0,47.04,0,0.30684826,Low,14.928167741000651,179.13801289200782
2001-EWBQU,Female,0,No,No,60,Yes,Yes,Fiber optic,No,Yes,Yes,No,Yes,Yes,Two year,No,Electronic check,104.7,6333.8,6,1,0,1,105.56,0,0.16279864,Low,17.04501793384552,204.54021520614626
9992-UJOEL,Male,0,No,No,2,Yes,No,DSL,No,Yes,No,No,No,No,Month-to-month,Yes,Mailed check,50.3,92.75,2,1,1,0,46.38,0,0.565475,Medium,28.44339184761047,341.32070217132565
8409-WQJUX,Female,0,No,No,25,No,No phone service,DSL,No,No,Yes,Yes,Yes,Yes,One year,No,Electronic check,54.2,1423.15,4,1,0,1,56.93,0,0.091583155,Low,4.963807006180287,59.56568407416344
3077-RSNTJ,Female,0,Yes,Yes,6,Yes,No,No,No internet service,No internet service,No internet service,No internet service,No internet service,No internet service,Month-to-month,No,Mailed check,19.7,113.5,1,0,1,0,18.92,0,0.10904994,Low,2.148283790796995,25.779405489563942
6993-YCOBK,Male,0,Yes,Yes,60,Yes,Yes,Fiber optic,Yes,No,Yes,Yes,Yes,Yes,Two year,Yes,Electronic check,110.6,6586.85,7,1,0,1,109.78,0,0.058210675,Low,6.438100618869066,77.25720742642879
4817-VYYWS,Female,0,No,No,30,Yes,Yes,Fiber optic,No,Yes,No,No,Yes,Yes,Month-to-month,Yes,Electronic check,100.2,2983.8,5,1,1,1,99.46,1,0.56911385,Medium,57.025207829475406,684.3024939537049
4702-HDRKD,Male,0,No,No,67,No,No phone service,DSL,Yes,No,Yes,Yes,Yes,No,One year,Yes,Bank transfer (automatic),49.35,3321.35,4,1,0,0,49.57,0,0.018893339,Low,0.9323862668126822,11.188635201752186
3251-YMVWZ,Male,0,No,No,53,Yes,Yes,No,No internet service,No internet service,No internet service,No internet service,No internet service,No internet service,One year,No,Bank transfer (automatic),24.05,1301.9,2,0,0,0,24.56,0,0.047377784,Low,1.1394357005134226,13.673228406161071
4190-MFLUW,Female,0,Yes,Yes,10,Yes,No,DSL,No,No,Yes,Yes,No,No,Month-to-month,No,Credit card (automatic),55.2,528.35,3,1,1,0,52.84,1,0.2018522,Low,11.142241573333742,133.7068988800049
4678-DVQEO,Female,0,No,No,1,Yes,No,DSL,No,No,No,Yes,No,No,Month-to-month,Yes,Electronic check,52.2,52.2,2,1,1,1,52.2,1,0.53136677,Medium,27.737345159053802,332.84814190864563
4701-AHWMW,Male,0,Yes,No,55,No,No phone service,DSL,No,No,Yes,Yes,Yes,Yes,Month-to-month,Yes,Bank transfer (automatic),54.55,2978.3,4,1,1,0,54.15,1,0.13113102,Low,7.1531973138451574,85.83836776614189
2987-BJXIK,Female,0,No,No,70,Yes,Yes,DSL,Yes,Yes,Yes,No,Yes,Yes,Two year,No,Mailed check,84.7,5991.05,7,1,0,0,85.59,0,0.0144253,Low,1.2218229152262212,14.661874982714654
1730-VFMWO,Female,0,Yes,No,34,Yes,No,DSL,No,No,No,Yes,No,No,Month-to-month,No,Bank transfer (automatic),50.2,1815.3,2,1,1,0,53.39,0,0.06405521,Low,3.2155716344714165,38.586859613657
1936-UAFEH,Female,0,No,No,68,Yes,Yes,Fiber optic,Yes,Yes,No,Yes,Yes,Yes,Two year,No,Credit card (automatic),110.25,7279.35,7,1,0,0,107.05,0,0.10402667,Low,11.468940122053027,137.62728146463633
5140-FOMCQ,Female,0,Yes,No,59,Yes,Yes,Fiber optic,Yes,Yes,Yes,No,Yes,Yes,One year,Yes,Credit card (automatic),109.15,6557.75,7,1,0,0,111.15,0,0.120224975,Low,13.122556026652456,157.47067231982948
8778-LMWTJ,Female,0,No,No,9,Yes,No,Fiber optic,Yes,No,No,No,No,No,Month-to-month,Yes,Electronic check,74.85,708.2,2,1,1,1,78.69,0,0.44822156,Medium,33.54938408732414,402.5926090478897
9840-DVNDC,Male,0,No,No,6,Yes,No,Fiber optic,No,No,No,No,Yes,No,Month-to-month,Yes,Credit card (automatic),80.5,463.05,2,1,1,0,77.18,1,0.6130591,Medium,49.35125783085823,592.2150939702988
8033-VCZGH,Male,0,Yes,No,50,Yes,Yes,Fiber optic,Yes,No,Yes,No,Yes,Yes,One year,Yes,Electronic check,103.95,5231.3,6,1,0,1,104.63,0,0.46628457,Medium,48.470281371474265,581.6433764576911
8580-QVLOC,Female,1,Yes,Yes,72,Yes,Yes,DSL,Yes,Yes,Yes,Yes,Yes,Yes,Two year,No,Credit card (automatic),92.45,6440.25,8,1,0,0,89.45,1,0.005730874,Low,0.5298192925285549,6.357831510342658
6128-AQBMT,Male,1,Yes,No,41,No,No phone service,DSL,No,Yes,Yes,No,Yes,Yes,Month-to-month,Yes,Electronic check,53.95,2215.4,4,1,1,1,54.03,0,0.5560169,Medium,29.997112941741946,359.96535530090335
6257-RJOHI,Male,0,No,No,4,Yes,No,DSL,No,No,No,Yes,No,No,Month-to-month,Yes,Mailed check,50.8,202.3,2,1,1,0,50.58,0,0.30427384,Low,15.457111263275145,185.48533515930174
1929-ZCBHE,Male,0,Yes,Yes,47,No,No phone service,DSL,Yes,No,Yes,Yes,No,No,One year,No,Electronic check,40.3,1794.8,3,1,0,1,38.19,0,0.042269133,Low,1.7034460611641407,20.441352733969687
6242-SGYTS,Male,0,Yes,Yes,62,Yes,Yes,Fiber optic,Yes,Yes,No,No,Yes,No,One year,Yes,Credit card (automatic),94.95,5791.85,5,1,0,0,93.42,0,0.059139527,Low,5.615298124775291,67.38357749730349
7010-ZMVBF,Female,0,Yes,Yes,18,Yes,No,No,No internet service,No internet service,No internet service,No internet service,No internet service,No internet service,Month-to-month,No,Mailed check,20.45,357.0,1,0,1,0,19.83,0,0.06815476,Low,1.3937648359686137,16.725178031623365
3519-ZKXGG,Female,0,Yes,No,3,Yes,Yes,Fiber optic,No,No,No,No,No,No,Month-to-month,Yes,Electronic check,75.85,256.6,2,1,1,1,85.53,1,0.8187921,High,62.105381143093105,745.2645737171173
5666-MBJPT,Male,0,No,No,65,Yes,Yes,No,No internet service,No internet service,No internet service,No internet service,No internet service,No internet service,Two year,Yes,Bank transfer (automatic),25.1,1725.0,2,0,0,0,26.54,0,0.0071159685,Low,0.17861080942675472,2.143329713121057
3313-QKNKB,Male,0,Yes,No,59,Yes,Yes,Fiber optic,No,No,No,No,No,Yes,One year,No,Electronic check,85.55,5084.65,3,1,0,1,86.18,1,0.16670467,Low,14.26158448383212,171.13901380598543
7581-EBBOU,Female,0,No,No,60,Yes,No,DSL,No,Yes,Yes,Yes,Yes,No,One year,Yes,Credit card (automatic),70.15,4224.7,5,1,0,0,70.41,0,0.028162492,Low,1.9755988446064294,23.707186135277155
1784-BXEFA,Female,0,No,No,10,Yes,No,No,No internet service,No internet service,No internet service,No internet service,No internet service,No internet service,Month-to-month,Yes,Mailed check,20.55,187.35,1,0,1,0,18.74,0,0.093664035,Low,1.924795923382044,23.097551080584527
7492-TAFJD,Male,0,Yes,Yes,7,No,No phone service,DSL,Yes,Yes,Yes,No,No,No,Two year,No,Mailed check,38.55,280.0,3,1,0,0,40.0,0,0.02717934,Low,1.0477635531686245,12.573162638023494
5213-TWWJU,Male,0,No,No,28,Yes,No,Fiber optic,No,No,Yes,Yes,No,Yes,Month-to-month,No,Electronic check,91.0,2626.15,4,1,1,1,93.79,0,0.27850115,Low,25.343604922294617,304.1232590675354
3312-ZWLGF,Male,1,Yes,No,29,Yes,Yes,Fiber optic,No,No,No,Yes,No,No,Month-to-month,Yes,Electronic check,79.3,2414.55,3,1,1,1,83.26,0,0.52474636,Medium,41.61238622069359,499.348634648323
2923-ARZLG,Male,0,Yes,Yes,0,Yes,No,No,No internet service,No internet service,No internet service,No internet service,No internet service,No internet service,One year,Yes,Mailed check,19.7,0.0,1,0,0,0,0.0,0,0.07416059,Low,1.46096363812685,17.5315636575222
7032-LMBHI,Female,0,No,No,37,Yes,Yes,DSL,Yes,No,No,No,Yes,No,One year,No,Bank transfer (automatic),64.65,2347.85,4,1,0,0,63.46,0,0.03955284,Low,2.5570911923423414,30.6850943081081
8292-ITGYJ,Female,0,Yes,Yes,45,Yes,Yes,No,No internet service,No internet service,No internet service,No internet service,No internet service,No internet service,Two year,Yes,Bank transfer (automatic),24.65,1138.8,2,0,0,0,25.31,0,0.01322749,Low,0.3260576230008155,3.912691476009786
9107-UKCKY,Male,0,Yes,No,61,Yes,Yes,DSL,No,Yes,Yes,No,Yes,Yes,One year,Yes,Electronic check,79.8,4914.8,6,1,0,1,80.57,0,0.16426161,Low,13.108076423406601,157.2969170808792
6848-HJTXY,Female,0,Yes,No,64,Yes,No,No,No internet service,No internet service,No internet service,No internet service,No internet service,No internet service,Two year,No,Credit card (automatic),19.45,1208.6,1,0,0,0,18.88,0,0.015124214,Low,0.2941659600008279,3.5299915200099345
4184-VODJZ,Male,0,Yes,Yes,63,Yes,Yes,Fiber optic,No,Yes,No,No,No,Yes,One year,Yes,Electronic check,91.35,5764.7,4,1,0,1,91.5,0,0.12923177,Low,11.80532181188464,141.6638617426157
4846-WHAFZ,Female,1,Yes,No,37,Yes,Yes,Fiber optic,No,No,No,No,No,No,Month-to-month,Yes,Electronic check,76.5,2868.15,2,1,1,1,77.52,1,0.57929885,Medium,44.3163623213768,531.7963478565216
8735-SDUFN,Female,1,Yes,No,72,Yes,Yes,No,No internet service,No internet service,No internet service,No internet service,No internet service,No internet service,Two year,No,Bank transfer (automatic),24.3,1778.7,2,0,0,0,24.7,0,0.0042277677,Low,0.1027347550727427,1.2328170608729123
0839-JTCUD,Female,0,Yes,Yes,66,Yes,Yes,DSL,Yes,Yes,Yes,Yes,Yes,Yes,Two year,No,Credit card (automatic),89.9,5958.85,8,1,0,0,90.29,0,0.013988005,Low,1.2575216492637993,15.090259791165591
6857-VWJDT,Female,0,No,No,1,Yes,Yes,Fiber optic,No,No,No,No,Yes,Yes,Month-to-month,No,Mailed check,95.65,95.65,4,1,1,0,95.65,1,0.9013405,High,86.21321735382081,1034.5586082458497
7363-QTBIW,Female,0,Yes,No,9,Yes,No,Fiber optic,No,No,No,No,No,Yes,Month-to-month,Yes,Electronic check,79.75,769.1,2,1,1,1,85.46,0,0.68995726,Medium,55.02409157156944,660.2890988588333
6158-HDPXZ,Male,0,No,No,1,No,No phone service,DSL,No,No,No,No,No,No,Month-to-month,No,Mailed check,25.35,25.35,0,1,1,0,25.35,0,0.47549653,Medium,12.053837049007416,144.646044588089
5419-CONWX,Female,1,No,No,4,Yes,No,Fiber optic,No,Yes,Yes,No,Yes,Yes,Month-to-month,Yes,Credit card (automatic),99.8,442.85,5,1,1,0,110.71,1,0.77392244,High,77.23745985031128,926.8495182037354
9286-DOJGF,Female,1,Yes,No,38,Yes,Yes,Fiber optic,No,No,No,No,No,No,Month-to-month,Yes,Bank transfer (automatic),74.95,2869.85,2,1,1,0,75.52,1,0.4245709,Medium,31.821588076651096,381.85905691981316
2408-PSJVE,Male,0,Yes,Yes,44,Yes,No,DSL,No,Yes,Yes,Yes,No,No,Month-to-month,Yes,Mailed check,61.9,2924.05,4,1,1,0,66.46,0,0.09198557,Low,5.693906684219837,68.32688021063805
2087-QAREY,Female,0,Yes,No,22,Yes,No,DSL,No,Yes,Yes,No,No,No,Month-to-month,Yes,Mailed check,54.7,1178.75,3,1,1,0,53.58,0,0.25679925,Low,14.0469190210104,168.5630282521248
6777-TGHTM,Female,0,No,No,53,Yes,Yes,Fiber optic,Yes,No,Yes,No,Yes,Yes,One year,Yes,Credit card (automatic),106.95,5785.5,6,1,0,0,109.16,1,0.28738096,Low,30.735394053161144,368.82472863793373
6507-ZJSUR,Male,1,Yes,No,23,Yes,No,Fiber optic,No,No,No,No,Yes,Yes,Month-to-month,Yes,Electronic check,90.45,2117.25,3,1,1,1,92.05,0,0.5051444,Medium,45.69031254351139,548.2837505221366
5025-GOOKI,Female,0,No,No,20,Yes,No,No,No internet service,No internet service,No internet service,No internet service,No internet service,No internet service,Month-to-month,Yes,Credit card (automatic),18.9,347.65,1,0,1,0,17.38,0,0.030747108,Low,0.5811203442513942,6.9734441310167306
6080-LNESI,Male,0,No,No,51,Yes,Yes,No,No internet service,No internet service,No internet service,No internet service,No internet service,No internet service,Two year,No,Mailed check,24.75,1234.6,2,0,0,0,24.21,0,0.010646165,Low,0.26349259237758815,3.161911108531058
2236-HILPA,Male,0,Yes,Yes,62,Yes,No,No,No internet service,No internet service,No internet service,No internet service,No internet service,No internet service,Two year,No,Credit card (automatic),20.65,1218.45,1,0,0,0,19.65,0,0.009291862,Low,0.19187695314176378,2.3025234377011654
1386-ZIKUV,Male,0,No,No,7,Yes,No,No,No internet service,No internet service,No internet service,No internet service,No internet service,No internet service,Month-to-month,Yes,Mailed check,18.95,130.55,1,0,1,0,18.65,0,0.048158787,Low,0.9126090172678232,10.951308207213877
3365-SAIGS,Female,0,No,No,17,Yes,No,Fiber optic,No,Yes,No,No,Yes,No,Month-to-month,Yes,Electronic check,83.55,1329.15,3,1,1,1,78.19,0,0.44549417,Medium,37.22103831768036,446.65245981216435
6061-GWWAV,Male,0,No,Yes,41,Yes,No,DSL,Yes,Yes,Yes,No,Yes,No,One year,No,Mailed check,70.2,2894.55,5,1,0,0,70.6,0,0.04113208,Low,2.8874721072614196,34.64966528713703
9979-RGMZT,Female,0,No,No,7,Yes,No,Fiber optic,No,Yes,No,No,Yes,Yes,One year,Yes,Mailed check,94.05,633.45,4,1,0,0,90.49,0,0.40014806,Medium,37.63392540961504,451.60710491538043
8445-DNBAE,Male,0,No,Yes,1,Yes,Yes,DSL,No,No,No,No,No,No,Month-to-month,Yes,Electronic check,50.05,50.05,2,1,1,1,50.05,0,0.5818682,Medium,29.12250199317932,349.4700239181518
6872-HXFNF,Female,0,Yes,No,64,Yes,Yes,DSL,No,No,Yes,Yes,No,No,One year,No,Bank transfer (automatic),58.35,3756.45,4,1,0,0,58.69,0,0.015645573,Low,0.9129191796295345,10.955030155554415
1320-HTRDR,Female,0,No,No,3,Yes,Yes,Fiber optic,No,No,No,No,No,No,Month-to-month,Yes,Electronic check,75.5,220.6,2,1,1,1,73.53,1,0.7542618,High,56.94676527380943,683.3611832857132
3923-CSIHK,Female,1,Yes,No,50,Yes,No,Fiber optic,No,No,No,No,No,No,Month-to-month,Yes,Electronic check,71.05,3444.85,1,1,1,1,68.9,1,0.35379568,Low,25.137182880938052,301.6461945712566
2446-ZKVAF,Male,0,Yes,No,18,Yes,Yes,DSL,No,Yes,No,No,No,No,Month-to-month,No,Credit card (automatic),56.8,1074.65,3,1,1,0,59.7,0,0.1852318,Low,10.521166515350341,126.2539981842041
4640-UHDOS,Female,0,Yes,Yes,13,Yes,No,DSL,No,No,No,No,No,Yes,Month-to-month,No,Electronic check,55.95,734.35,2,1,1,1,56.49,1,0.23700047,Low,13.260176038742067,159.1221124649048
5457-COLHT,Male,0,Yes,Yes,69,Yes,No,DSL,Yes,Yes,No,Yes,Yes,Yes,Two year,No,Bank transfer (automatic),80.65,5542.55,6,1,0,0,80.33,0,0.019919906,Low,1.606540403701365,19.278484844416383
2254-DLXRI,Female,0,No,No,1,Yes,Yes,Fiber optic,No,Yes,No,No,No,No,Month-to-month,Yes,Mailed check,79.15,79.15,3,1,1,0,79.15,0,0.9074249,High,71.82268295288087,861.8721954345704
5339-PXDVH,Male,0,No,No,4,Yes,Yes,Fiber optic,Yes,No,No,No,Yes,No,Month-to-month,No,Electronic check,90.65,367.95,4,1,1,1,91.99,0,0.58984566,Medium,53.46950883865357,641.6341060638429
2386-LAHRK,Male,0,No,No,1,Yes,No,DSL,No,No,No,No,Yes,No,Month-to-month,Yes,Mailed check,53.5,53.5,2,1,1,0,53.5,1,0.6436413,Medium,34.43480917811394,413.21771013736725
5062-CJJKH,Male,0,Yes,Yes,25,Yes,No,DSL,No,Yes,Yes,No,No,No,One year,No,Mailed check,53.65,1355.45,3,1,0,0,54.22,0,0.06543752,Low,3.5107228439301252,42.1286741271615
8930-XOTDP,Female,0,Yes,Yes,18,Yes,No,DSL,No,No,No,No,Yes,No,Month-to-month,No,Mailed check,55.95,1082.8,2,1,1,0,60.16,0,0.19497034,Low,10.908590497076512,130.90308596491815
4779-ZGICK,Male,0,Yes,Yes,48,Yes,Yes,No,No internet service,No internet service,No internet service,No internet service,No internet service,No internet service,Two year,No,Mailed check,23.55,1173.35,2,0,0,0,24.44,0,0.01338827,Low,0.31529374863021076,3.783524983562529
9534-NSXEM,Male,0,No,No,26,Yes,No,No,No internet service,No internet service,No internet service,No internet service,No internet service,No internet service,One year,Yes,Credit card (automatic),20.65,595.5,1,0,0,0,22.9,0,0.013905504,Low,0.2871486532036215,3.445783838443458
3716-BDVDB,Male,0,No,No,1,Yes,No,Fiber optic,No,No,No,No,No,No,Month-to-month,Yes,Electronic check,69.1,69.1,1,1,1,1,69.1,1,0.8750592,High,60.4665898501873,725.5990782022476
9842-EFSYY,Female,0,No,Yes,4,No,No phone service,DSL,Yes,Yes,Yes,No,Yes,Yes,Month-to-month,Yes,Mailed check,57.2,223.75,5,1,1,0,55.94,0,0.3855308,Low,22.052361738681796,264.62834086418155
9122-UMROB,Male,0,No,No,1,Yes,No,No,No internet service,No internet service,No internet service,No internet service,No internet service,No internet service,Month-to-month,No,Mailed check,20.3,20.3,1,0,1,0,20.3,0,0.22082658,Low,4.482779596745968,53.79335516095162
1867-BDVFH,Male,0,Yes,Yes,11,Yes,Yes,Fiber optic,No,No,No,No,No,No,Month-to-month,Yes,Electronic check,74.35,834.2,2,1,1,1,75.84,1,0.5993154,Medium,44.5591003537178,534.7092042446136
5949-EBSQK,Male,0,Yes,Yes,4,Yes,No,DSL,No,No,No,Yes,No,Yes,Month-to-month,No,Credit card (automatic),61.45,229.55,3,1,1,0,57.39,1,0.19642688,Low,12.070431981235743,144.8451837748289
4160-AMJTL,Female,1,No,No,8,Yes,No,No,No internet service,No internet service,No internet service,No internet service,No internet service,No internet service,Month-to-month,No,Electronic check,19.65,164.3,1,0,1,1,20.54,1,0.11457512,Low,2.251401065289974,27.016812783479686
8622-ZLFKO,Female,0,Yes,No,6,Yes,Yes,Fiber optic,No,Yes,No,No,No,Yes,Month-to-month,Yes,Electronic check,90.75,512.25,4,1,1,1,85.38,0,0.825309,High,74.89678980410099,898.7614776492119
2990-IAJSV,Male,0,No,No,72,Yes,Yes,DSL,Yes,Yes,Yes,Yes,Yes,Yes,Two year,No,Bank transfer (automatic),92.0,6632.75,8,1,0,0,92.12,0,0.0030882002,Low,0.2841144213452935,3.4093730561435223
6064-ZATLR,Female,0,No,No,27,Yes,No,DSL,Yes,Yes,No,No,No,No,Two year,No,Bank transfer (automatic),52.85,1498.65,3,1,0,0,55.51,0,0.014407414,Low,0.7614318305160851,9.13718196619302
7409-KIUTL,Female,1,No,Yes,1,Yes,No,Fiber optic,No,No,No,No,No,No,Month-to-month,Yes,Electronic check,71.0,71.0,1,1,1,1,71.0,1,0.8063396,High,57.250113129615784,687.0013575553894
5505-OVWQW,Female,0,No,No,17,Yes,No,No,No internet service,No internet service,No internet service,No internet service,No internet service,No internet service,One year,No,Mailed check,20.15,353.65,1,0,0,0,20.8,0,0.01920722,Low,0.3870254935696721,4.644305922836065
3948-KXDUF,Male,0,No,No,66,Yes,Yes,DSL,Yes,Yes,Yes,Yes,No,No,Two year,No,Bank transfer (automatic),68.75,4447.55,6,1,0,0,67.39,0,0.012327581,Low,0.8475211740005761,10.170254088006914
9814-AOUDH,Male,0,No,No,53,Yes,No,No,No internet service,No internet service,No internet service,No internet service,No internet service,No internet service,Two year,No,Credit card (automatic),19.5,1050.5,1,0,0,0,19.82,0,0.032601353,Low,0.6357263792306185,7.628716550767422
7398-LXGYX,Male,0,Yes,No,44,Yes,Yes,Fiber optic,Yes,No,Yes,No,No,No,Month-to-month,Yes,Credit card (automatic),84.8,3626.35,4,1,1,0,82.42,0,0.25103503,Low,21.28777093887329,255.45325126647947
5266-PFRQK,Male,0,Yes,Yes,52,Yes,No,No,No internet service,No internet service,No internet service,No internet service,No internet service,No internet service,One year,Yes,Credit card (automatic),20.85,1071.6,1,0,0,0,20.61,0,0.015615383,Low,0.32558073895052075,3.906968867406249
1568-BEKZM,Male,1,Yes,No,70,Yes,Yes,DSL,Yes,Yes,Yes,Yes,Yes,Yes,Two year,No,Credit card (automatic),90.05,6333.4,8,1,0,0,90.48,0,0.024337238,Low,2.1915682549588382,26.29881905950606
2692-PFYTJ,Female,0,No,No,1,Yes,Yes,No,No internet service,No internet service,No internet service,No internet service,No internet service,No internet service,Month-to-month,Yes,Mailed check,25.75,25.75,2,0,1,0,25.75,0,0.27119747,Low,6.983334802091122,83.80001762509346
2533-QVMSK,Male,0,Yes,No,61,Yes,Yes,Fiber optic,No,Yes,No,Yes,Yes,No,Two year,Yes,Electronic check,94.1,5638.3,5,1,0,1,92.43,1,0.061517075,Low,5.788756729662418,69.46508075594902
5828-AVIPD,Male,0,Yes,Yes,19,Yes,Yes,Fiber optic,No,No,No,Yes,Yes,Yes,One year,Yes,Electronic check,100.95,1875.55,5,1,0,1,98.71,1,0.31343487,Low,31.641250030696394,379.6950003683567
2907-ILJBN,Female,0,Yes,Yes,11,Yes,No,No,No internet service,No internet service,No internet service,No internet service,No internet service,No internet service,One year,No,Mailed check,20.6,233.9,1,0,0,0,21.26,0,0.018577963,Low,0.3827060401439667,4.592472481727601
5226-NOZFC,Male,0,No,No,26,Yes,No,Fiber optic,No,Yes,No,No,Yes,No,Month-to-month,Yes,Electronic check,85.75,2146.5,3,1,1,1,82.56,0,0.46810645,Medium,40.14012797176838,481.68153566122055
7114-AEOZE,Female,0,No,No,60,Yes,No,No,No internet service,No internet service,No internet service,No internet service,No internet service,No internet service,Two year,No,Bank transfer (automatic),19.85,1128.1,1,0,0,0,18.8,0,0.019998236,Low,0.39696497721597557,4.763579726591707
2202-CUYXZ,Male,0,No,No,1,Yes,No,Fiber optic,No,No,Yes,No,Yes,No,Month-to-month,Yes,Electronic check,84.85,84.85,3,1,1,1,84.85,1,0.8609854,High,73.05461104512214,876.6553325414657
3466-RITXD,Male,0,No,No,26,Yes,Yes,Fiber optic,Yes,Yes,No,No,Yes,No,Month-to-month,Yes,Credit card (automatic),92.4,2349.8,5,1,1,0,90.38,0,0.45328715,Medium,41.8837330698967,502.6047968387604
7278-CKDNC,Male,1,No,No,24,Yes,Yes,Fiber optic,No,Yes,No,No,No,No,Month-to-month,Yes,Electronic check,80.5,2088.45,3,1,1,1,87.02,0,0.5754562,Medium,46.32422426342964,555.8906911611557
1956-YIFGE,Male,0,Yes,Yes,22,Yes,No,Fiber optic,No,Yes,Yes,No,Yes,Yes,One year,Yes,Mailed check,100.05,2090.25,5,1,0,0,95.01,0,0.3212517,Low,32.141231623291965,385.6947794795036
0422-UXFAP,Female,0,Yes,No,51,Yes,Yes,Fiber optic,No,No,Yes,No,Yes,Yes,One year,Yes,Electronic check,98.85,4947.55,5,1,0,1,97.01,0,0.2908387,Low,28.74940436929464,344.9928524315357
3733-UOCWF,Male,1,Yes,No,61,Yes,Yes,Fiber optic,No,Yes,No,Yes,No,No,One year,Yes,Bank transfer (automatic),85.55,5251.75,4,1,0,0,86.09,0,0.03125932,Low,2.6742348838597536,32.09081860631704
7191-ADRGF,Male,0,Yes,No,44,No,No phone service,DSL,No,Yes,Yes,No,Yes,Yes,Two year,No,Bank transfer (automatic),54.3,2390.45,4,1,0,0,54.33,0,0.09186195,Low,4.988103796541691,59.857245558500296
5709-LVOEQ,Female,0,Yes,Yes,0,Yes,No,DSL,Yes,Yes,Yes,No,Yes,Yes,Two year,No,Mailed check,80.85,0.0,6,1,0,0,0.0,0,0.027532754,Low,2.226023198571056,26.712278382852674
6034-YMTOB,Female,0,No,No,5,Yes,No,Fiber optic,No,No,No,Yes,No,No,Month-to-month,Yes,Mailed check,75.65,399.45,2,1,1,0,79.89,0,0.45608327,Medium,34.502699218690395,414.03239062428474
6372-RFVNS,Female,0,Yes,No,1,Yes,No,Fiber optic,No,No,No,No,Yes,No,Month-to-month,No,Electronic check,78.8,78.8,2,1,1,1,78.8,1,0.88695335,High,69.89192428588866,838.703091430664
9052-DHNKM,Male,0,No,No,26,Yes,Yes,DSL,Yes,Yes,No,No,No,No,One year,No,Electronic check,61.55,1581.95,4,1,0,1,60.84,0,0.05113354,Low,3.1472693579271436,37.76723229512572
5609-IMCGG,Female,0,No,No,15,Yes,Yes,Fiber optic,Yes,No,Yes,No,No,No,Month-to-month,Yes,Credit card (automatic),84.35,1302.65,4,1,1,0,86.84,0,0.34575632,Low,29.16454577296972,349.97454927563666
2959-MJHIC,Male,0,Yes,No,4,Yes,No,Fiber optic,No,No,No,No,Yes,No,Month-to-month,Yes,Electronic check,80.35,307.4,2,1,1,1,76.85,1,0.6750653,Medium,54.24149516820907,650.8979420185088
1319-YLZJG,Male,0,Yes,No,12,Yes,No,Fiber optic,Yes,Yes,Yes,No,No,No,Month-to-month,Yes,Electronic check,84.6,959.9,4,1,1,1,79.99,0,0.44347847,Medium,37.5182781457901,450.21933774948116
7623-TRNQN,Male,0,No,Yes,1,Yes,No,DSL,No,No,No,Yes,No,No,Month-to-month,Yes,Mailed check,49.9,49.9,2,1,1,0,49.9,1,0.26742396,Low,13.344455483555793,160.13346580266952
0377-JBKKT,Male,0,Yes,Yes,22,Yes,No,DSL,Yes,Yes,No,Yes,No,No,Month-to-month,Yes,Mailed check,57.95,1271.8,4,1,1,0,57.81,0,0.076797724,Low,4.450428092479706,53.405137109756474
1936-CZAKF,Male,0,Yes,No,49,No,No phone service,DSL,No,Yes,No,No,Yes,Yes,Two year,No,Credit card (automatic),49.65,2409.9,3,1,0,0,49.18,0,0.061167043,Low,3.0369436701759693,36.443324042111634
5063-IUOKK,Male,0,No,No,13,Yes,No,No,No internet service,No internet service,No internet service,No internet service,No internet service,No internet service,Two year,No,Mailed check,19.75,265.75,1,0,0,0,20.44,0,0.0098966295,Low,0.19545843242667615,2.345501189120114
8646-JCOMS,Female,0,Yes,No,66,Yes,Yes,Fiber optic,No,Yes,Yes,Yes,No,No,One year,Yes,Bank transfer (automatic),90.55,6130.95,5,1,0,0,92.89,0,0.05651108,Low,5.117078452929854,61.40494143515825
0979-MOZQI,Male,0,Yes,No,62,No,No phone service,DSL,No,No,No,Yes,Yes,No,Two year,Yes,Bank transfer (automatic),39.0,2337.45,2,1,0,0,37.7,0,0.030561969,Low,1.1919167786836624,14.303001344203949
1525-LNLOJ,Male,0,Yes,Yes,66,Yes,Yes,DSL,No,No,Yes,No,Yes,No,Two year,Yes,Bank transfer (automatic),63.3,4189.7,4,1,0,0,63.48,0,0.028113712,Low,1.77959794588387,21.35517535060644
5759-RCVCB,Female,0,No,No,3,No,No phone service,DSL,No,No,No,No,Yes,No,Month-to-month,No,Credit card (automatic),35.2,108.95,1,1,1,0,36.32,1,0.4981349,Medium,17.534348869323733,210.41218643188478
9968-FFVVH,Male,0,No,No,63,Yes,Yes,DSL,Yes,Yes,Yes,Yes,No,No,One year,No,Bank transfer (automatic),68.8,4111.35,6,1,0,0,65.26,0,0.01478097,Low,1.0169307559728622,12.203169071674346
2266-FUBDZ,Male,0,Yes,Yes,15,Yes,No,No,No internet service,No internet service,No internet service,No internet service,No internet service,No internet service,Two year,No,Mailed check,19.35,278.85,1,0,0,0,18.59,0,0.01212069,Low,0.23453535530716182,2.814424263685942
4760-THGOT,Female,0,Yes,No,43,Yes,Yes,Fiber optic,Yes,Yes,No,No,No,Yes,Month-to-month,Yes,Electronic check,94.1,4107.3,5,1,1,1,95.52,0,0.3178963,Low,29.91404244303703,358.96850931644434
2307-FYNNL,Male,1,No,No,65,Yes,Yes,Fiber optic,Yes,No,Yes,Yes,Yes,Yes,Two year,Yes,Electronic check,109.05,7108.2,7,1,0,1,109.36,0,0.16636856,Low,18.14249135926366,217.7098963111639
1143-NMNQJ,Female,0,No,No,2,Yes,Yes,Fiber optic,No,No,No,No,No,Yes,Month-to-month,Yes,Electronic check,85.7,169.8,3,1,1,1,84.9,1,0.85841,High,73.5657370686531,882.7888448238373
1629-DQQVB,Female,0,No,No,14,Yes,No,DSL,Yes,No,No,No,No,No,Month-to-month,No,Bank transfer (automatic),50.1,709.5,2,1,1,0,50.68,0,0.1330844,Low,6.6675285145640375,80.01034217476845
3766-EJLFL,Female,0,Yes,Yes,68,Yes,Yes,Fiber optic,Yes,No,Yes,Yes,Yes,Yes,Two year,Yes,Bank transfer (automatic),109.05,7508.55,7,1,0,0,110.42,0,0.18240555,Low,19.89132482483983,238.695897898078
8457-XIGKN,Male,0,No,No,20,Yes,No,No,No internet service,No internet service,No internet service,No internet service,No internet service,No internet service,Month-to-month,Yes,Credit card (automatic),19.6,356.15,1,0,1,0,17.81,0,0.048832223,Low,0.957111567258835,11.48533880710602
4981-FLTMF,Female,0,Yes,Yes,57,Yes,Yes,DSL,Yes,Yes,No,Yes,No,No,Month-to-month,No,Bank transfer (automatic),65.2,3687.85,5,1,1,0,64.7,0,0.040262505,Low,2.625115352869034,31.501384234428407
7606-BPHHN,Male,0,No,No,72,Yes,No,No,No internet service,No internet service,No internet service,No internet service,No internet service,No internet service,Two year,Yes,Credit card (automatic),19.8,1468.75,1,0,0,0,20.4,0,0.0027482952,Low,0.054416244942694904,0.6529949393123389
7005-CCBKV,Male,0,No,No,6,Yes,No,Fiber optic,No,Yes,No,No,No,Yes,Month-to-month,Yes,Electronic check,84.4,556.35,3,1,1,1,92.72,1,0.7489345,High,63.210072422027594,758.5208690643311
4648-YPBTM,Male,0,No,No,53,Yes,Yes,DSL,No,Yes,Yes,Yes,No,Yes,Two year,Yes,Bank transfer (automatic),73.9,3958.25,6,1,0,0,74.68,0,0.015789643,Low,1.1668546125292778,14.002255350351334
2325-ZUSFD,Female,0,Yes,Yes,57,Yes,No,DSL,Yes,No,No,No,Yes,Yes,One year,Yes,Bank transfer (automatic),70.1,3913.3,4,1,0,0,68.65,1,0.038270377,Low,2.682753401249647,32.19304081499576
1240-KNSEZ,Male,0,No,No,1,Yes,No,No,No internet service,No internet service,No internet service,No internet service,No internet service,No internet service,Month-to-month,Yes,Mailed check,20.1,20.1,1,0,1,0,20.1,1,0.58424795,Medium,11.743383729457856,140.92060475349427
0430-IHCDJ,Male,0,No,No,15,Yes,Yes,DSL,No,No,No,No,No,No,Month-to-month,Yes,Electronic check,49.0,749.25,2,1,1,1,49.95,0,0.47144598,Medium,23.10085290670395,277.2102348804474
7957-RYHQD,Female,1,No,No,40,Yes,No,Fiber optic,Yes,Yes,No,No,No,No,Month-to-month,Yes,Credit card (automatic),79.2,3233.85,3,1,1,0,80.85,1,0.38653332,Low,30.61343894004822,367.36126728057866
6164-HAQTX,Male,0,No,No,71,No,No phone service,DSL,Yes,Yes,Yes,Yes,Yes,No,Two year,No,Bank transfer (automatic),53.95,3888.65,5,1,0,0,54.77,0,0.007887864,Low,0.4255502387415618,5.106602864898742
0749-IRGQE,Female,1,Yes,No,13,No,No phone service,DSL,No,No,No,No,Yes,Yes,Month-to-month,No,Electronic check,45.3,528.45,2,1,1,1,40.65,0,0.5548281,Medium,25.133713263273236,301.60455915927884
1227-UDMZR,Female,0,Yes,No,72,Yes,Yes,DSL,Yes,Yes,Yes,Yes,Yes,Yes,Two year,Yes,Bank transfer (automatic),91.15,6637.9,8,1,0,0,92.19,0,0.0028265305,Low,0.2576382538303733,3.0916590459644797
5473-KHBPS,Female,0,Yes,Yes,52,Yes,Yes,Fiber optic,No,Yes,Yes,No,Yes,No,One year,Yes,Credit card (automatic),95.7,4976.15,5,1,0,0,95.7,0,0.09024335,Low,8.636288306862117,103.6354596823454
5297-MDOIR,Female,0,Yes,No,63,Yes,No,Fiber optic,Yes,No,Yes,No,No,No,One year,Yes,Credit card (automatic),81.15,5224.5,3,1,0,0,82.93,0,0.028688995,Low,2.3281119578517977,27.937343494221572
8873-TMKGR,Male,0,No,No,29,Yes,No,No,No internet service,No internet service,No internet service,No internet service,No internet service,No internet service,One year,No,Mailed check,19.1,529.5,1,0,0,0,18.26,0,0.0032745912,Low,0.06254469142295421,0.7505362970754506
6481-ESCNL,Female,0,No,No,29,Yes,Yes,Fiber optic,No,No,Yes,No,Yes,Yes,Month-to-month,No,Bank transfer (automatic),100.55,2878.75,5,1,1,0,99.27,0,0.30346996,Low,30.513904067873955,366.1668488144875
0463-WZZKO,Male,0,No,No,3,Yes,No,No,No internet service,No internet service,No internet service,No internet service,No internet service,No internet service,Month-to-month,Yes,Credit card (automatic),20.75,67.1,1,0,1,0,22.37,0,0.11894561,Low,2.4681214801967144,29.617457762360573
1038-RQOST,Male,0,Yes,Yes,19,Yes,No,No,No internet service,No internet service,No internet service,No internet service,No internet service,No internet service,Month-to-month,No,Mailed check,20.6,414.95,1,0,1,0,21.84,0,0.048299342,Low,0.9949664533138276,11.939597439765931
4937-QPZPO,Male,0,Yes,Yes,61,Yes,Yes,Fiber optic,No,No,Yes,No,Yes,Yes,One year,Yes,Electronic check,99.9,6241.35,5,1,0,1,102.32,0,0.48664695,Medium,48.61603032946587,583.3923639535905
3604-WLABM,Female,0,No,No,10,Yes,No,DSL,No,No,Yes,Yes,No,No,Month-to-month,No,Electronic check,54.25,583.0,3,1,1,1,58.3,0,0.23987117,Low,13.013011194765568,156.1561343371868
1360-XFJMR,Female,0,Yes,No,67,Yes,Yes,Fiber optic,No,Yes,Yes,Yes,Yes,Yes,One year,Yes,Credit card (automatic),109.7,7344.45,7,1,0,0,109.62,0,0.16599685,Low,18.209854394197464,218.51825273036957
8717-VCTXJ,Male,0,No,No,42,Yes,No,No,No internet service,No internet service,No internet service,No internet service,No internet service,No internet service,One year,Yes,Mailed check,19.55,839.4,1,0,0,0,19.99,0,0.015250519,Low,0.29814764484763145,3.5777717381715775
5196-SGOAK,Female,0,No,No,1,Yes,No,Fiber optic,No,Yes,No,No,No,No,Month-to-month,Yes,Electronic check,75.7,75.7,2,1,1,1,75.7,1,0.878828,High,66.52727877497674,798.3273452997208
8739-XNIKG,Female,0,No,No,5,Yes,Yes,Fiber optic,No,No,No,No,Yes,No,Month-to-month,Yes,Electronic check,84.0,424.75,3,1,1,1,84.95,0,0.83223504,High,69.90774321556091,838.892918586731
2320-TZRRH,Female,0,No,No,20,Yes,No,No,No internet service,No internet service,No internet service,No internet service,No internet service,No internet service,One year,No,Mailed check,19.5,403.15,1,0,0,0,20.16,0,0.015582265,Low,0.3038541739806533,3.6462500877678394
5186-SAMNZ,Male,1,No,No,1,Yes,No,Fiber optic,No,No,No,No,No,No,Month-to-month,Yes,Bank transfer (automatic),69.5,69.5,1,1,1,0,69.5,1,0.8658762,High,60.17839574813843,722.1407489776611
5760-FXFVO,Male,0,No,No,6,Yes,No,Fiber optic,Yes,Yes,No,No,No,No,Month-to-month,Yes,Electronic check,78.95,494.95,3,1,1,1,82.49,0,0.491142,Medium,38.77566127330065,465.3079352796078
5380-WJKOV,Male,0,No,No,34,Yes,Yes,Fiber optic,No,Yes,Yes,No,Yes,Yes,Month-to-month,Yes,Electronic check,106.35,3549.25,6,1,1,1,104.39,1,0.51898426,Medium,55.19397585690021,662.3277102828025
4703-MQYKT,Male,0,No,No,21,Yes,No,No,No internet service,No internet service,No internet service,No internet service,No internet service,No internet service,Two year,No,Mailed check,19.6,390.4,1,0,0,0,18.59,0,0.0068245945,Low,0.13376205135136843,1.6051446162164211
2001-MCUUW,Male,0,No,No,46,Yes,Yes,Fiber optic,No,Yes,Yes,Yes,Yes,Yes,Two year,No,Electronic check,108.65,4903.2,7,1,0,1,106.59,0,0.22878003,Low,24.8569503903389,298.2834046840668
4947-DSMXK,Male,0,Yes,Yes,34,Yes,Yes,Fiber optic,No,Yes,No,No,Yes,Yes,Month-to-month,Yes,Bank transfer (automatic),97.7,3410.0,5,1,1,0,100.29,0,0.47346503,Medium,46.257532984018326,555.0903958082199
0076-LVEPS,Male,0,No,Yes,29,No,No phone service,DSL,Yes,Yes,Yes,Yes,No,No,Month-to-month,Yes,Mailed check,45.0,1242.45,4,1,1,0,42.84,0,0.053958867,Low,2.428149003535509,29.13778804242611
5566-SOEZD,Male,0,Yes,Yes,27,Yes,No,Fiber optic,Yes,Yes,No,No,No,No,One year,Yes,Credit card (automatic),80.65,2209.75,3,1,0,0,81.84,0,0.05727672,Low,4.619367332383991,55.43240798860789
7408-OFWXJ,Female,0,Yes,Yes,72,Yes,Yes,DSL,Yes,Yes,Yes,Yes,Yes,Yes,Two year,No,Credit card (automatic),89.8,6510.45,8,1,0,0,90.42,0,0.003455705,Low,0.31032230984419584,3.72386771813035
1097-FSPVW,Female,0,No,No,42,Yes,No,DSL,Yes,No,Yes,No,No,No,Month-to-month,No,Credit card (automatic),54.55,2455.05,3,1,1,0,58.45,0,0.18218094,Low,9.93797033727169,119.25564404726028
4412-YLTKF,Female,1,No,No,27,Yes,Yes,Fiber optic,No,No,Yes,No,No,No,Month-to-month,Yes,Electronic check,78.05,2135.5,3,1,1,1,79.09,1,0.515935,Medium,40.26872704327106,483.22472451925273
0420-TXVSG,Male,0,Yes,No,66,Yes,Yes,DSL,Yes,Yes,Yes,No,No,No,Two year,Yes,Credit card (automatic),66.1,4428.45,5,1,0,0,67.1,0,0.020337716,Low,1.3443230107426642,16.13187612891197
7817-BOQPW,Female,0,No,No,2,Yes,Yes,Fiber optic,No,No,No,No,No,No,Month-to-month,Yes,Electronic check,75.55,166.3,2,1,1,1,83.15,1,0.8220701,High,62.10739769935608,745.2887723922729
0963-ZBDRN,Male,0,No,No,32,Yes,No,Fiber optic,No,No,No,Yes,Yes,Yes,Month-to-month,Yes,Electronic check,96.2,3183.4,4,1,1,1,99.48,1,0.42820403,Medium,41.193227666616444,494.3187319993973
9685-WKZGT,Male,1,No,No,14,Yes,Yes,Fiber optic,No,No,No,No,No,No,Month-to-month,Yes,Electronic check,74.95,1036.75,2,1,1,1,74.05,1,0.69637823,Medium,52.19354841709137,626.3225810050965
2139-FQHLM,Male,0,No,No,19,Yes,No,Fiber optic,No,No,Yes,Yes,Yes,No,Month-to-month,No,Mailed check,89.95,1682.4,4,1,1,0,88.55,0,0.26956537,Low,24.247405360639096,290.96886432766917
5825-XJOCM,Male,0,No,Yes,48,Yes,Yes,DSL,Yes,Yes,Yes,No,No,No,One year,Yes,Bank transfer (automatic),64.4,3035.35,5,1,0,0,63.24,0,0.04480255,Low,2.885284234583378,34.62341081500054
0004-TLHLJ,Male,0,No,No,4,Yes,No,Fiber optic,No,No,Yes,No,No,No,Month-to-month,Yes,Electronic check,73.9,280.85,2,1,1,1,70.21,1,0.6123597,Medium,45.25338202118874,543.0405842542649
7529-ZDFXI,Male,1,Yes,No,57,Yes,Yes,Fiber optic,No,Yes,No,No,No,Yes,Month-to-month,Yes,Electronic check,89.85,4925.35,4,1,1,1,86.41,0,0.39750087,Low,35.71545340418815,428.58544085025784
6848-YLDFR,Male,0,Yes,Yes,58,Yes,No,DSL,No,Yes,No,Yes,Yes,Yes,One year,Yes,Credit card (automatic),75.2,4300.8,5,1,0,0,74.15,0,0.067290224,Low,5.060224854946137,60.72269825935364
5820-PTRYM,Female,1,Yes,No,56,Yes,Yes,DSL,Yes,Yes,Yes,Yes,No,No,One year,Yes,Credit card (automatic),68.45,4014.0,6,1,0,0,71.68,0,0.033189464,Low,2.271818835474551,27.26182602569461
2984-RGEYA,Female,0,Yes,Yes,69,Yes,No,No,No internet service,No internet service,No internet service,No internet service,No internet service,No internet service,Two year,No,Bank transfer (automatic),19.75,1375.4,1,0,0,0,19.93,0,0.012065596,Low,0.2382955199573189,2.859546239487827
6434-TTGJP,Male,0,Yes,Yes,10,No,No phone service,DSL,Yes,Yes,Yes,Yes,No,Yes,Two year,No,Credit card (automatic),53.7,521.0,5,1,0,0,52.1,0,0.022319978,Low,1.1985828241333365,14.382993889600037
9643-AVVWI,Female,0,Yes,Yes,3,Yes,No,Fiber optic,No,Yes,No,Yes,No,No,Month-to-month,Yes,Electronic check,80.0,241.3,3,1,1,1,80.43,0,0.6449232,Medium,51.59385681152344,619.1262817382812
3506-OVLKD,Male,0,No,No,35,Yes,Yes,No,No internet service,No internet service,No internet service,No internet service,No internet service,No internet service,One year,No,Bank transfer (automatic),26.2,954.9,2,0,0,0,27.28,0,0.033671245,Low,0.8821866184473037,10.586239421367644
4946-EDSEW,Female,0,Yes,Yes,11,Yes,No,No,No internet service,No internet service,No internet service,No internet service,No internet service,No internet service,Month-to-month,Yes,Mailed check,19.25,180.3,1,0,1,0,16.39,1,0.04510295,Low,0.8682317910715938,10.418781492859125
2924-KHUVI,Male,0,Yes,No,56,Yes,Yes,Fiber optic,Yes,No,No,No,Yes,Yes,One year,Yes,Electronic check,100.55,5514.95,5,1,0,1,98.48,0,0.30613014,Low,30.781385679543018,369.3766281545162
2263-SFSQZ,Male,0,Yes,Yes,51,Yes,Yes,No,No internet service,No internet service,No internet service,No internet service,No internet service,No internet service,Two year,Yes,Mailed check,24.95,1222.25,2,0,0,0,23.97,0,0.017088361,Low,0.4263546090573072,5.116255308687687
5281-BUZGT,Male,1,No,No,36,Yes,Yes,Fiber optic,Yes,No,No,No,Yes,No,Month-to-month,Yes,Electronic check,90.85,3186.7,4,1,1,1,88.52,1,0.358945,Low,32.61015434861183,391.32185218334195
3717-FDJFU,Male,0,No,Yes,5,Yes,No,No,No internet service,No internet service,No internet service,No internet service,No internet service,No internet service,Two year,No,Mailed check,20.45,106.9,1,0,0,0,21.38,0,0.0070983637,Low,0.1451615379191935,1.741938455030322
2239-CFOUJ,Male,0,Yes,Yes,1,Yes,No,No,No internet service,No internet service,No internet service,No internet service,No internet service,No internet service,One year,No,Mailed check,20.4,20.4,1,0,0,0,20.4,0,0.03336169,Low,0.6805784404277802,8.166941285133362
8699-ASUFO,Male,1,Yes,No,7,Yes,Yes,Fiber optic,No,No,No,No,No,No,Month-to-month,Yes,Mailed check,74.4,527.9,2,1,1,0,75.41,1,0.68253165,Medium,50.780355119705206,609.3642614364625
1122-YJBCS,Male,0,Yes,No,69,Yes,No,DSL,Yes,Yes,No,No,No,No,One year,Yes,Credit card (automatic),53.65,3804.4,3,1,0,0,55.14,0,0.02526182,Low,1.3552966088056564,16.263559305667876
0628-CNQRM,Male,0,Yes,Yes,22,Yes,No,DSL,Yes,No,Yes,Yes,Yes,No,One year,Yes,Bank transfer (automatic),67.5,1544.05,5,1,0,0,70.18,1,0.031065146,Low,2.096897321753204,25.162767861038446
1705-GUHPV,Female,0,No,No,63,Yes,Yes,No,No internet service,No internet service,No internet service,No internet service,No internet service,No internet service,Two year,No,Mailed check,24.2,1618.2,2,0,0,0,25.69,0,0.0059956703,Low,0.14509522207081318,1.7411426648497583
4877-TSOFF,Female,0,Yes,Yes,55,Yes,Yes,DSL,Yes,Yes,No,Yes,No,Yes,One year,Yes,Bank transfer (automatic),75.75,4264.25,6,1,0,0,77.53,0,0.038385347,Low,2.9076899997889996,34.892279997467995
7404-JLKQG,Female,0,No,No,3,Yes,No,DSL,No,No,Yes,No,Yes,No,Month-to-month,No,Electronic check,57.55,161.45,3,1,1,1,53.82,0,0.43649617,Medium,25.120354489982127,301.4442538797855
0379-DJQHR,Male,0,Yes,Yes,67,Yes,No,DSL,Yes,Yes,Yes,No,Yes,Yes,Two year,No,Credit card (automatic),81.35,5398.6,6,1,0,0,80.58,0,0.05394525,Low,4.3884461533278225,52.66135383993387
8993-PHFWD,Female,0,No,No,3,No,No phone service,DSL,No,No,No,No,No,No,Month-to-month,No,Electronic check,25.25,58.9,0,1,1,1,19.63,1,0.5933281,Medium,14.981534987688065,179.77841985225677
3930-ZGWVE,Male,0,No,No,1,Yes,No,No,No internet service,No internet service,No internet service,No internet service,No internet service,No internet service,Month-to-month,No,Mailed check,19.75,19.75,1,0,1,0,19.75,0,0.3539005,Low,6.989534720778465,83.87441664934158
1965-DDBWU,Male,0,No,No,16,Yes,Yes,Fiber optic,No,No,No,Yes,No,Yes,Month-to-month,Yes,Credit card (automatic),89.05,1448.6,4,1,1,0,90.54,1,0.47601444,Medium,42.3890854626894,508.66902555227284
7572-KPVKK,Male,0,No,Yes,62,Yes,Yes,Fiber optic,No,No,Yes,Yes,Yes,Yes,Two year,Yes,Electronic check,104.05,6590.5,6,1,0,1,106.3,0,0.29251835,Low,30.436534057557584,365.238408690691
6854-EXGSF,Female,0,No,No,8,Yes,Yes,DSL,Yes,Yes,Yes,No,No,No,Month-to-month,Yes,Bank transfer (automatic),65.5,573.15,5,1,1,0,71.64,0,0.18994997,Low,12.441723324358463,149.30067989230156
9483-GCPWE,Male,0,No,Yes,9,Yes,No,No,No internet service,No internet service,No internet service,No internet service,No internet service,No internet service,One year,No,Mailed check,20.1,190.25,1,0,0,0,21.14,0,0.018701069,Low,0.375891488045454,4.510697856545448
8053-WWDRO,Female,0,Yes,No,6,Yes,No,No,No internet service,No internet service,No internet service,No internet service,No internet service,No internet service,Month-to-month,No,Bank transfer (automatic),19.5,146.3,1,0,1,0,24.38,1,0.1511349,Low,2.9471304193139076,35.36556503176689
9473-CBZOP,Female,0,No,No,28,Yes,Yes,DSL,Yes,No,Yes,No,No,No,One year,No,Mailed check,59.0,1654.45,4,1,0,0,59.09,0,0.026978748,Low,1.5917461272329092,19.10095352679491
3985-HOYPM,Male,0,No,No,26,Yes,No,No,No internet service,No internet service,No internet service,No internet service,No internet service,No internet service,One year,No,Mailed check,19.4,525.55,1,0,0,0,20.21,0,0.014972347,Low,0.2904635285958648,3.4855623431503773
8378-LKJAF,Male,0,Yes,Yes,38,Yes,Yes,Fiber optic,No,No,Yes,No,Yes,Yes,Month-to-month,Yes,Credit card (automatic),101.15,3956.7,5,1,1,0,104.12,0,0.50657254,Medium,51.23981288373471,614.8777546048165
1310-QRITU,Female,0,No,No,18,Yes,Yes,DSL,No,No,No,No,No,No,Month-to-month,Yes,Electronic check,50.3,913.3,2,1,1,1,50.74,0,0.41518208,Medium,20.883658817410467,250.60390580892562
3237-AJGEH,Female,0,Yes,Yes,3,No,No phone service,DSL,No,No,No,Yes,No,No,Month-to-month,Yes,Mailed check,31.0,95.05,1,1,1,0,31.68,1,0.31149802,Low,9.656438499689102,115.87726199626923
6542-LWGXJ,Male,0,Yes,No,3,No,No phone service,DSL,No,No,No,No,No,No,Month-to-month,No,Mailed check,25.0,78.25,0,1,1,0,26.08,0,0.46778035,Medium,11.694508790969849,140.33410549163818
6953-PBDIN,Male,0,Yes,No,70,Yes,Yes,DSL,No,Yes,Yes,Yes,Yes,No,Two year,No,Bank transfer (automatic),72.95,5265.55,6,1,0,0,75.22,0,0.04408189,Low,3.215773809328675,38.5892857119441
6332-FBZRI,Male,0,Yes,Yes,67,Yes,Yes,DSL,Yes,Yes,Yes,Yes,No,No,One year,Yes,Credit card (automatic),69.35,4653.25,6,1,0,0,69.45,0,0.052349668,Low,3.63044947553426,43.56539370641112
9365-CSLBQ,Male,0,No,Yes,71,Yes,Yes,No,No internet service,No internet service,No internet service,No internet service,No internet service,No internet service,Two year,No,Mailed check,24.35,1654.6,2,0,0,0,23.3,0,0.0037301094,Low,0.09082816455047578,1.0899379746057094
3466-WAESX,Male,0,No,Yes,16,Yes,Yes,DSL,Yes,Yes,No,No,No,Yes,Month-to-month,Yes,Electronic check,69.1,1083.7,5,1,1,1,67.73,0,0.29960197,Low,20.702496272325515,248.42995526790617
9700-ISPUP,Female,0,Yes,Yes,10,Yes,No,DSL,No,Yes,No,Yes,No,Yes,Month-to-month,Yes,Electronic check,65.5,616.9,4,1,1,1,61.69,0,0.23005198,Low,15.068404652178288,180.82085582613945
5167-ZFFMM,Male,0,No,No,1,Yes,Yes,Fiber optic,No,Yes,No,No,No,Yes,Month-to-month,Yes,Credit card (automatic),90.85,90.85,4,1,1,0,90.85,1,0.8860469,High,80.49735963344574,965.9683156013489
7669-LCRSD,Male,0,Yes,Yes,12,Yes,No,DSL,No,No,No,No,Yes,No,Month-to-month,Yes,Mailed check,56.3,628.65,2,1,1,0,52.39,0,0.24154137,Low,13.59877917319536,163.18535007834433
0870-VEMYL,Female,0,No,No,5,Yes,No,DSL,Yes,No,No,Yes,No,No,Month-to-month,No,Credit card (automatic),53.85,259.8,3,1,1,0,51.96,1,0.23908584,Low,12.874772386997938,154.49726864397525
2995-UPRYS,Female,1,Yes,No,40,Yes,No,Fiber optic,No,Yes,No,Yes,Yes,Yes,One year,Yes,Credit card (automatic),99.2,4062.2,5,1,0,0,101.56,1,0.21384944,Low,21.2138644695282,254.5663736343384
3179-GBRWV,Male,1,Yes,No,21,Yes,No,DSL,Yes,Yes,No,No,No,Yes,Month-to-month,Yes,Bank transfer (automatic),64.95,1339.8,4,1,1,0,63.8,0,0.15935528,Low,10.350125616788864,124.20150740146636
0701-TJSEF,Male,0,No,No,9,Yes,No,DSL,Yes,No,Yes,Yes,No,Yes,Month-to-month,Yes,Bank transfer (automatic),68.25,576.95,5,1,1,0,64.11,0,0.12843823,Low,8.765909492969513,105.19091391563416
1848-LBZHY,Female,0,Yes,No,7,Yes,No,DSL,Yes,No,No,No,No,No,Month-to-month,Yes,Bank transfer (automatic),50.3,355.1,2,1,1,0,50.73,0,0.23464231,Low,11.802508290112018,141.63009948134422
5380-XPJNZ,Female,0,No,No,38,Yes,No,No,No internet service,No internet service,No internet service,No internet service,No internet service,No internet service,One year,No,Mailed check,20.05,678.2,1,0,0,0,17.85,0,0.009083235,Low,0.18211885583586992,2.185426270030439
6608-QQLVK,Male,0,No,No,1,Yes,No,DSL,No,No,Yes,No,No,No,Month-to-month,Yes,Electronic check,50.5,50.5,2,1,1,1,50.5,1,0.67673635,Medium,34.17518591880798,410.1022310256958
1475-VWVDO,Male,0,No,No,7,Yes,No,Fiber optic,No,No,Yes,No,No,No,Month-to-month,Yes,Electronic check,74.9,490.55,2,1,1,1,70.08,0,0.59137946,Medium,44.29432182908059,531.531861948967
3721-CNEYS,Female,0,No,No,2,Yes,No,Fiber optic,No,No,No,No,No,No,Month-to-month,Yes,Electronic check,70.95,137.95,1,1,1,1,68.97,1,0.62948513,Medium,44.66196999549866,535.9436399459839
4299-OPXEJ,Female,0,No,No,56,Yes,No,No,No internet service,No internet service,No internet service,No internet service,No internet service,No internet service,Two year,Yes,Bank transfer (automatic),19.55,1080.55,1,0,0,0,19.3,0,0.05882601,Low,1.150048508681357,13.800582104176284
0096-BXERS,Female,0,Yes,No,6,Yes,Yes,DSL,No,No,No,No,No,No,Month-to-month,No,Electronic check,50.35,314.55,2,1,1,1,52.42,0,0.4079521,Medium,20.540388236939908,246.4846588432789
3055-VTCGS,Female,0,No,No,63,Yes,No,DSL,No,No,Yes,No,No,Yes,One year,No,Credit card (automatic),58.55,3503.5,3,1,0,0,55.61,0,0.047069147,Low,2.755898570269346,33.07078284323215
9405-GPBBG,Female,0,No,No,64,Yes,Yes,Fiber optic,No,Yes,Yes,Yes,Yes,Yes,Two year,Yes,Credit card (automatic),110.5,7069.25,7,1,0,0,110.46,0,0.049705733,Low,5.492483453825116,65.9098014459014
6704-UTUKK,Male,0,Yes,No,29,No,No phone service,DSL,No,No,No,No,Yes,Yes,Month-to-month,Yes,Electronic check,45.9,1332.4,2,1,1,1,45.94,0,0.41344354,Medium,18.977058282494543,227.72469938993453
9944-AEXBM,Male,0,No,No,32,Yes,Yes,Fiber optic,No,No,No,No,No,Yes,Month-to-month,Yes,Bank transfer (automatic),85.65,2664.3,3,1,1,0,83.26,0,0.39986223,Low,34.24819998443127,410.9783998131752
2545-EBUPK,Female,1,No,No,2,Yes,Yes,Fiber optic,No,No,No,No,No,Yes,Month-to-month,Yes,Electronic check,84.05,186.05,3,1,1,1,93.02,0,0.89628345,High,75.33262378275394,903.9914853930472
6270-OMFIW,Male,0,Yes,No,60,Yes,No,Fiber optic,No,Yes,No,No,Yes,Yes,One year,Yes,Electronic check,94.4,5610.25,4,1,0,1,93.5,1,0.1822698,Low,17.206268811225893,206.4752257347107
1852-XEMDW,Male,0,No,No,22,Yes,Yes,DSL,Yes,Yes,Yes,No,No,No,Month-to-month,No,Mailed check,65.05,1427.55,5,1,1,0,64.89,0,0.11416407,Low,7.4263727076351636,89.11647249162196
8158-WPEZG,Male,0,No,No,11,No,No phone service,DSL,No,Yes,No,Yes,No,No,Month-to-month,Yes,Electronic check,35.65,425.1,2,1,1,1,38.65,0,0.37311652,Low,13.301604045927524,159.61924855113028
5198-EFNBM,Male,1,Yes,No,57,Yes,No,Fiber optic,No,Yes,Yes,No,Yes,No,One year,Yes,Electronic check,90.65,5199.8,4,1,0,1,91.22,0,0.12794279,Low,11.598013516515493,139.17616219818592
7663-RGWBC,Male,0,No,No,1,Yes,No,DSL,No,No,No,No,No,No,Month-to-month,Yes,Mailed check,44.15,44.15,1,1,1,0,44.15,1,0.48320928,Medium,21.3336898073554,256.00427768826484
3970-XGJDU,Female,0,No,No,62,Yes,No,No,No internet service,No internet service,No internet service,No internet service,No internet service,No internet service,Two year,Yes,Credit card (automatic),19.2,1123.65,1,0,0,0,18.12,0,0.009032563,Low,0.17342521548271178,2.081102585792541
6845-RGTYS,Female,0,Yes,No,47,Yes,Yes,Fiber optic,Yes,Yes,Yes,No,Yes,No,Month-to-month,Yes,Electronic check,98.75,4533.7,6,1,1,1,96.46,1,0.3690557,Low,36.44424922764301,437.33099073171616
0123-CRBRT,Female,0,Yes,Yes,61,Yes,Yes,DSL,Yes,Yes,Yes,Yes,Yes,Yes,Two year,No,Mailed check,88.1,5526.75,8,1,0,0,90.6,0,0.0064319777,Low,0.5666572380345314,6.799886856414377
6077-BDPXA,Female,0,No,No,3,Yes,No,Fiber optic,No,No,No,No,No,No,Month-to-month,Yes,Electronic check,70.15,194.2,1,1,1,1,64.73,0,0.6141398,Medium,43.08190664052964,516.9828796863557
2250-IVBWA,Male,0,Yes,Yes,64,Yes,No,Fiber optic,Yes,Yes,No,No,No,No,Month-to-month,No,Electronic check,81.05,5135.35,3,1,1,1,80.24,0,0.11427261,Low,9.261794988065958,111.1415398567915
6137-NICCO,Female,0,Yes,Yes,6,Yes,Yes,Fiber optic,No,Yes,Yes,No,Yes,No,Month-to-month,Yes,Mailed check,94.05,518.75,5,1,1,0,86.46,0,0.78697574,High,74.01506847739219,888.1808217287063
8129-GMVGI,Female,0,Yes,Yes,56,Yes,No,No,No internet service,No internet service,No internet service,No internet service,No internet service,No internet service,Two year,No,Mailed check,20.05,1090.1,1,0,0,0,19.47,0,0.032064945,Low,0.6429021373391152,7.714825648069382
4353-HYOJD,Female,0,Yes,Yes,27,Yes,No,DSL,No,Yes,No,No,No,No,Month-to-month,No,Mailed check,49.85,1336.15,2,1,1,0,49.49,0,0.06801226,Low,3.3904111560434105,40.68493387252093
8671-KKKOS,Female,0,Yes,No,46,No,No phone service,DSL,Yes,Yes,No,No,Yes,No,Month-to-month,No,Electronic check,45.55,2062.15,3,1,1,1,44.83,0,0.21854533,Low,9.954739897698163,119.45687877237796
8080-DDEMJ,Male,1,No,No,1,Yes,No,DSL,No,No,No,No,No,No,Month-to-month,No,Electronic check,45.1,45.1,1,1,1,1,45.1,1,0.70742184,High,31.904724949598315,382.85669939517976
6698-OXETB,Male,0,No,No,11,Yes,No,No,No internet service,No internet service,No internet service,No internet service,No internet service,No internet service,Two year,No,Mailed check,20.4,231.45,1,0,0,0,21.04,0,0.0064055203,Low,0.13067261315882206,1.5680713579058647
3312-UUMZW,Male,0,Yes,No,32,Yes,Yes,Fiber optic,No,Yes,No,No,Yes,Yes,Month-to-month,Yes,Credit card (automatic),98.85,3145.9,5,1,1,0,98.31,0,0.5191739,Medium,51.32034200727939,615.8441040873527
6376-GAHQE,Male,0,No,No,4,Yes,No,Fiber optic,No,No,No,No,Yes,No,Month-to-month,No,Electronic check,77.85,299.2,2,1,1,1,74.8,1,0.5832833,Medium,45.40860530734062,544.9032636880875
0733-VUNUW,Male,0,No,No,24,Yes,Yes,DSL,Yes,No,No,No,No,No,Month-to-month,Yes,Bank transfer (automatic),55.65,1400.55,3,1,1,0,58.36,1,0.11121882,Low,6.1893271956592795,74.27192634791135
6733-LRIZX,Male,0,No,No,35,Yes,Yes,Fiber optic,Yes,No,Yes,Yes,Yes,Yes,Two year,Yes,Electronic check,108.95,4025.5,7,1,0,1,115.01,0,0.21479143,Low,23.401526518911123,280.81831822693346
2165-VOEGB,Female,0,No,Yes,46,Yes,No,Fiber optic,Yes,Yes,No,Yes,Yes,Yes,One year,Yes,Bank transfer (automatic),105.2,4822.85,6,1,0,0,104.84,1,0.14704435,Low,15.46906517148018,185.62878205776215
1853-UDXBW,Male,0,Yes,Yes,1,Yes,No,Fiber optic,No,No,No,No,No,No,Month-to-month,Yes,Electronic check,70.0,70.0,1,1,1,1,70.0,1,0.83723587,High,58.60651075839996,703.2781291007996
9070-BCKQP,Female,0,Yes,No,72,Yes,Yes,Fiber optic,Yes,No,Yes,Yes,Yes,Yes,Two year,Yes,Credit card (automatic),110.15,7881.2,7,1,0,0,109.46,0,0.011802187,Low,1.3000109189189972,15.600131027027967
1035-IPQPU,Female,1,Yes,No,63,Yes,Yes,Fiber optic,No,Yes,Yes,No,Yes,Yes,Month-to-month,Yes,Electronic check,103.5,6479.4,6,1,1,1,102.85,0,0.33471236,Low,34.6427288800478,415.7127465605736
2057-ZBLPD,Female,0,Yes,No,21,Yes,Yes,Fiber optic,No,No,No,No,No,Yes,Month-to-month,Yes,Electronic check,86.5,1808.7,3,1,1,1,86.13,1,0.60581046,Medium,52.40260508656502,628.8312610387802
6967-PEJLL,Male,0,Yes,Yes,37,No,No phone service,DSL,Yes,No,Yes,Yes,No,No,One year,Yes,Electronic check,40.2,1525.35,3,1,0,1,41.23,0,0.048579518,Low,1.9528966136276724,23.43475936353207
7879-CGSFV,Male,0,No,No,55,Yes,No,Fiber optic,Yes,Yes,No,No,Yes,Yes,One year,Yes,Mailed check,100.9,5552.05,5,1,0,0,100.95,0,0.16917393,Low,17.069649145007133,204.8357897400856
2257-BOVXD,Male,0,Yes,No,14,Yes,Yes,DSL,No,No,No,Yes,Yes,No,Month-to-month,Yes,Credit card (automatic),66.6,979.5,4,1,1,0,69.96,0,0.20323141,Low,13.535211852192878,162.42254222631453
9822-BIIGN,Male,0,Yes,Yes,53,Yes,Yes,DSL,Yes,No,No,Yes,No,Yes,Month-to-month,No,Electronic check,71.85,3827.9,5,1,1,1,72.22,0,0.081940085,Low,5.887395085394382,70.64874102473259
1136-XGEQU,Female,0,Yes,Yes,50,Yes,Yes,DSL,No,Yes,Yes,Yes,Yes,Yes,One year,Yes,Credit card (automatic),84.15,4164.4,7,1,0,0,83.29,0,0.088324994,Low,7.432548232376576,89.19057878851892
2439-LYPMQ,Male,1,Yes,No,38,Yes,Yes,Fiber optic,No,Yes,Yes,No,Yes,Yes,Month-to-month,Yes,Electronic check,102.6,4009.2,6,1,1,1,105.51,0,0.62293035,Medium,63.912653696537014,766.9518443584442
6543-XRMYR,Female,1,No,No,30,Yes,Yes,Fiber optic,No,Yes,No,No,Yes,Yes,Month-to-month,Yes,Electronic check,99.7,2967.35,5,1,1,1,98.91,1,0.635951,Medium,63.40431296229362,760.8517555475235
5753-QQWPW,Female,0,No,No,28,Yes,No,DSL,Yes,Yes,No,Yes,No,No,One year,Yes,Electronic check,59.9,1654.7,4,1,0,1,59.1,0,0.04865922,Low,2.9146872982382774,34.97624757885933
4785-QRJHC,Male,1,Yes,No,46,No,No phone service,DSL,No,Yes,Yes,Yes,Yes,Yes,One year,Yes,Bank transfer (automatic),59.9,2816.65,5,1,0,0,61.23,1,0.15821892,Low,9.477313321828841,113.7277598619461
0052-YNYOT,Female,0,No,No,67,Yes,No,No,No internet service,No internet service,No internet service,No internet service,No internet service,No internet service,One year,No,Electronic check,20.55,1343.4,1,0,0,1,20.05,0,0.016476488,Low,0.33859182307496666,4.0631018768996
7054-LGEQW,Female,0,No,No,1,Yes,No,DSL,No,No,No,No,No,No,Month-to-month,No,Mailed check,45.95,45.95,1,1,1,0,45.95,1,0.52668124,Medium,24.201003178954124,290.4120381474495
0608-JDVEC,Male,0,Yes,No,50,Yes,No,No,No internet service,No internet service,No internet service,No internet service,No internet service,No internet service,Two year,No,Electronic check,19.8,1013.2,1,0,0,1,20.26,0,0.013901,Low,0.2752397982403636,3.302877578884363
6284-KMNUF,Female,0,Yes,No,56,Yes,Yes,Fiber optic,Yes,No,No,No,Yes,Yes,One year,Yes,Electronic check,98.0,5270.6,5,1,0,1,94.12,0,0.23092107,Low,22.630265325307846,271.56318390369415
6286-SUUWT,Male,0,No,No,1,Yes,No,No,No internet service,No internet service,No internet service,No internet service,No internet service,No internet service,Month-to-month,No,Mailed check,19.95,19.95,1,0,1,0,19.95,0,0.44954863,Medium,8.968495206534863,107.62194247841836
3594-KADLU,Male,0,Yes,No,3,No,No phone service,DSL,Yes,No,No,Yes,No,No,Month-to-month,No,Mailed check,35.1,101.1,2,1,1,0,33.7,0,0.20619544,Low,7.237460079789162,86.84952095746995
0536-ACXIP,Female,0,Yes,No,72,Yes,Yes,Fiber optic,Yes,Yes,Yes,No,Yes,Yes,Two year,Yes,Electronic check,109.55,8165.1,7,1,0,1,113.4,0,0.027735697,Low,3.0384456179104746,36.4613474149257
8869-TORSS,Female,0,No,No,48,Yes,No,DSL,Yes,No,Yes,Yes,No,No,One year,Yes,Credit card (automatic),60.35,2896.4,4,1,0,0,60.34,1,0.045519695,Low,2.747113574296236,32.96536289155483
0373-AIVNJ,Male,0,No,No,9,No,No phone service,DSL,Yes,Yes,Yes,No,No,No,One year,No,Mailed check,39.55,373.0,3,1,0,0,41.44,0,0.06149596,Low,2.4321652084589003,29.185982501506803
6429-SHBCB,Male,0,No,No,19,Yes,Yes,DSL,No,No,No,No,Yes,Yes,Month-to-month,No,Mailed check,69.6,1394.55,4,1,1,0,73.4,0,0.12941396,Low,9.007211780548095,108.08654136657714
5751-USDBL,Male,0,Yes,Yes,46,Yes,No,DSL,Yes,No,Yes,Yes,Yes,Yes,Two year,No,Mailed check,81.0,3846.35,6,1,0,0,83.62,0,0.013021483,Low,1.054740129970014,12.65688155964017
6815-ABQFQ,Male,0,Yes,No,56,Yes,Yes,Fiber optic,No,Yes,No,Yes,Yes,Yes,One year,Yes,Electronic check,107.25,6033.3,6,1,0,1,107.74,0,0.4068254,Medium,43.63202344626188,523.5842813551426
9450-TRJUU,Male,0,No,No,35,Yes,Yes,Fiber optic,No,No,No,No,Yes,No,Month-to-month,No,Electronic check,83.15,2848.45,3,1,1,1,81.38,0,0.4365815,Medium,36.30175109505654,435.62101314067843
2805-AUFQN,Female,0,No,No,25,Yes,No,No,No internet service,No internet service,No internet service,No internet service,No internet service,No internet service,Two year,No,Credit card (automatic),19.8,475.2,1,0,0,0,19.01,0,0.006708923,Low,0.13283667135983707,1.5940400563180448
7855-DIWPO,Female,0,No,No,21,Yes,No,Fiber optic,No,No,No,No,No,No,Month-to-month,Yes,Electronic check,68.65,1493.2,1,1,1,1,71.1,0,0.48118457,Medium,33.03332086652517,396.3998503983021
0174-QRVVY,Male,0,Yes,Yes,71,Yes,Yes,No,No internet service,No internet service,No internet service,No internet service,No internet service,No internet service,Two year,No,Credit card (automatic),25.35,1847.55,2,0,0,0,26.02,0,0.0047334097,Low,0.11999193672090769,1.4399032406508923
9507-EXLTT,Female,0,Yes,No,1,Yes,No,Fiber optic,No,No,No,No,Yes,No,Month-to-month,Yes,Bank transfer (automatic),79.35,79.35,2,1,1,0,79.35,1,0.90153855,High,71.5370840102434,858.4450081229209
8390-FESFV,Female,0,No,No,62,Yes,Yes,DSL,No,Yes,Yes,Yes,Yes,Yes,Two year,No,Bank transfer (automatic),84.5,5193.2,7,1,0,0,83.76,0,0.015228229,Low,1.28678532037884,15.44142384454608
0661-KBKPA,Male,0,Yes,Yes,53,Yes,Yes,DSL,No,No,Yes,Yes,Yes,Yes,One year,Yes,Mailed check,78.75,3942.45,6,1,0,0,74.39,0,0.07558974,Low,5.952691929414868,71.43230315297842
6856-RAURS,Female,0,No,No,2,Yes,Yes,Fiber optic,No,No,No,No,No,No,Month-to-month,Yes,Mailed check,74.9,136.05,2,1,1,0,68.03,0,0.6569752,Medium,49.20744320750237,590.4893184900285
7322-OCWHC,Male,1,Yes,No,72,Yes,Yes,Fiber optic,Yes,Yes,Yes,Yes,No,No,Two year,Yes,Bank transfer (automatic),93.05,6735.05,6,1,0,0,93.54,0,0.0048068454,Low,0.44727696902118624,5.367323628254235
2203-GHNWN,Female,0,Yes,No,24,Yes,Yes,Fiber optic,No,No,Yes,No,No,No,Month-to-month,Yes,Mailed check,79.65,1928.7,3,1,1,0,80.36,0,0.34929562,Low,27.821395826339725,333.8567499160767
3413-CSSTH,Male,0,No,No,41,Yes,Yes,DSL,No,No,Yes,No,No,No,Month-to-month,Yes,Bank transfer (automatic),55.7,2237.55,3,1,1,0,54.57,0,0.16996776,Low,9.467203991115094,113.60644789338113
3006-XIMLN,Female,0,No,Yes,2,Yes,Yes,Fiber optic,No,No,No,No,Yes,Yes,Month-to-month,Yes,Bank transfer (automatic),94.2,193.8,4,1,1,0,96.9,1,0.87657374,High,82.57324644327164,990.8789573192597
3750-CKVKH,Male,0,No,No,2,Yes,No,Fiber optic,No,No,No,No,No,No,Month-to-month,Yes,Electronic check,67.75,116.65,1,1,1,1,58.32,1,0.61029226,Medium,41.347300335764885,496.1676040291786
0576-WNXXC,Male,1,Yes,No,27,Yes,Yes,Fiber optic,No,Yes,Yes,No,No,Yes,Month-to-month,Yes,Electronic check,95.55,2510.2,5,1,1,1,92.97,1,0.53207856,Medium,50.84010680615902,610.0812816739083
7056-IMHCC,Male,1,Yes,No,53,Yes,Yes,Fiber optic,No,Yes,No,No,Yes,Yes,Month-to-month,Yes,Electronic check,101.9,5549.4,5,1,1,1,104.71,1,0.6735211,Medium,68.63180024027825,823.581602883339
0866-QLSIR,Female,0,No,No,34,Yes,Yes,DSL,Yes,Yes,No,Yes,No,No,One year,Yes,Mailed check,64.4,2088.75,5,1,0,0,61.43,1,0.02810833,Low,1.810176480561495,21.72211776673794
1628-BIZYP,Male,0,No,No,1,Yes,No,Fiber optic,No,Yes,No,No,No,Yes,Month-to-month,Yes,Electronic check,85.0,85.0,3,1,1,1,85.0,0,0.8568973,High,72.8362700343132,874.0352404117584
2230-XTUWL,Female,0,Yes,Yes,48,Yes,No,No,No internet service,No internet service,No internet service,No internet service,No internet service,No internet service,Two year,No,Mailed check,19.55,883.35,1,0,0,0,18.4,0,0.006049036,Low,0.11825865474529565,1.419103856943548
1980-KXVPM,Female,1,No,No,3,Yes,Yes,Fiber optic,No,No,No,No,No,No,Month-to-month,Yes,Credit card (automatic),75.05,256.25,2,1,1,0,85.42,1,0.7738358,High,58.07637515664101,696.9165018796921
8619-IJNDK,Female,0,Yes,Yes,71,Yes,No,DSL,Yes,Yes,Yes,Yes,No,No,Two year,No,Credit card (automatic),64.05,4492.9,5,1,0,0,63.28,0,0.006950743,Low,0.44519509111996736,5.342341093439608
2960-NKRSO,Male,0,No,No,24,Yes,No,Fiber optic,No,Yes,Yes,Yes,No,No,Month-to-month,Yes,Electronic check,85.95,2107.15,4,1,1,1,87.8,0,0.310309,Low,26.671057936549186,320.0526952385902
6705-LXORM,Female,1,Yes,No,5,Yes,No,Fiber optic,No,No,No,No,No,No,Month-to-month,No,Electronic check,70.05,302.6,1,1,1,1,60.52,0,0.5368539,Medium,37.60661635994911,451.2793963193893
7130-VTEWQ,Female,1,No,No,8,Yes,Yes,Fiber optic,No,No,No,No,No,No,Month-to-month,Yes,Electronic check,75.75,606.25,2,1,1,1,75.78,1,0.6978904,Medium,52.865197867155075,634.3823744058609
9364-YKUVW,Male,0,No,No,15,Yes,No,No,No internet service,No internet service,No internet service,No internet service,No internet service,No internet service,Month-to-month,Yes,Mailed check,19.8,309.4,1,0,1,0,20.63,0,0.09127299,Low,1.8072051510214806,21.686461812257768
2761-OCIAX,Male,1,No,No,2,Yes,No,Fiber optic,No,Yes,No,No,No,No,Month-to-month,Yes,Electronic check,74.7,165.4,2,1,1,1,82.7,1,0.6963984,Medium,52.0209587931633,624.2515055179597
7996-BPXHY,Female,0,Yes,Yes,13,Yes,Yes,No,No internet service,No internet service,No internet service,No internet service,No internet service,No internet service,Two year,Yes,Bank transfer (automatic),25.0,332.5,2,0,0,0,25.58,0,0.020176483,Low,0.5044120829552412,6.052944995462894
4248-QPAVC,Female,1,Yes,No,17,Yes,Yes,Fiber optic,Yes,No,Yes,No,No,No,Month-to-month,Yes,Bank transfer (automatic),85.35,1463.45,4,1,1,0,86.09,1,0.46314242,Medium,39.529205958545205,474.35047150254246
9357-UJRUN,Male,0,Yes,No,24,Yes,Yes,DSL,Yes,No,No,Yes,No,No,One year,Yes,Electronic check,58.35,1346.9,4,1,0,1,56.12,0,0.057615504,Low,3.36186463907361,40.34237566888332
6340-DACFT,Female,0,Yes,Yes,50,Yes,No,No,No internet service,No internet service,No internet service,No internet service,No internet service,No internet service,Two year,No,Credit card (automatic),20.55,1070.25,1,0,0,0,21.4,0,0.0069025466,Low,0.14184733307920397,1.7021679969504477
1023-BQXZE,Male,0,No,No,57,Yes,No,DSL,Yes,No,Yes,No,Yes,Yes,Two year,Yes,Bank transfer (automatic),74.35,4317.35,5,1,0,0,75.74,0,0.020787667,Low,1.5455630773678422,18.546756928414105
5480-HPRRX,Female,1,No,No,3,No,No phone service,DSL,No,No,No,No,No,No,Month-to-month,No,Electronic check,25.3,77.75,0,1,1,1,25.92,1,0.7163761,High,18.124315983057024,217.49179179668428
9576-SYUHJ,Male,0,No,No,37,Yes,Yes,Fiber optic,Yes,No,No,No,Yes,No,Month-to-month,Yes,Electronic check,91.15,3369.25,4,1,1,1,91.06,0,0.3111734,Low,28.36345625072718,340.36147500872613
2169-RRLFW,Female,0,Yes,No,71,Yes,Yes,No,No internet service,No internet service,No internet service,No internet service,No internet service,No internet service,Two year,No,Credit card (automatic),25.6,1888.25,2,0,0,0,26.6,0,0.005479737,Low,0.1402812719345093,1.6833752632141115
8338-QIUNR,Male,0,Yes,Yes,72,Yes,Yes,DSL,Yes,No,Yes,Yes,No,No,Two year,Yes,Credit card (automatic),66.5,4811.6,5,1,0,0,66.83,0,0.009241444,Low,0.6145560299046338,7.374672358855605
0463-TXOAK,Male,0,No,Yes,52,Yes,Yes,No,No internet service,No internet service,No internet service,No internet service,No internet service,No internet service,Two year,No,Credit card (automatic),25.6,1334.5,2,0,0,0,25.66,0,0.011835624,Low,0.30299198627471924,3.635903835296631
4396-KLSEH,Male,0,No,No,4,Yes,No,No,No internet service,No internet service,No internet service,No internet service,No internet service,No internet service,Month-to-month,Yes,Electronic check,19.85,63.0,1,0,1,1,15.75,0,0.13383102,Low,2.6565458297729494,31.878549957275393
5186-EJEGL,Male,0,No,No,9,Yes,No,DSL,Yes,No,Yes,Yes,Yes,No,Month-to-month,Yes,Mailed check,69.5,653.25,5,1,1,0,72.58,0,0.12774736,Low,8.87844130396843,106.54129564762115
9334-GWGOW,Male,1,Yes,No,7,Yes,Yes,Fiber optic,No,No,No,No,No,No,Month-to-month,Yes,Electronic check,74.85,485.25,2,1,1,1,69.32,0,0.7479013,High,55.980413836240764,671.7649660348892
5696-JVVQY,Female,0,Yes,Yes,48,Yes,No,DSL,Yes,Yes,Yes,No,No,Yes,Two year,Yes,Credit card (automatic),70.1,3238.4,5,1,0,0,67.47,0,0.037705407,Low,2.643148998916149,31.717787986993788
9633-DENPU,Female,0,Yes,No,47,Yes,No,DSL,No,Yes,No,No,Yes,No,Month-to-month,Yes,Bank transfer (automatic),58.6,2723.4,3,1,1,0,57.94,0,0.19286223,Low,11.301726534962654,135.62071841955185
0581-BXBUB,Female,1,No,No,4,Yes,No,Fiber optic,No,Yes,No,No,No,No,Month-to-month,No,Electronic check,72.75,317.75,2,1,1,1,79.44,0,0.48906624,Medium,35.579569190740585,426.954830288887
2750-BJLSB,Female,0,No,No,47,Yes,No,Fiber optic,Yes,No,Yes,Yes,Yes,Yes,One year,Yes,Electronic check,103.7,4730.6,6,1,0,1,100.65,0,0.23020795,Low,23.872564402222633,286.4707728266716
2770-NSVDG,Male,0,Yes,No,24,No,No phone service,DSL,No,No,Yes,No,No,No,Month-to-month,No,Electronic check,29.1,688.0,1,1,1,1,28.67,0,0.35709924,Low,10.391587740182876,124.69905288219451
8280-MQRQN,Female,0,No,No,1,Yes,No,DSL,No,No,Yes,No,No,No,Month-to-month,Yes,Mailed check,50.45,50.45,2,1,1,0,50.45,1,0.63092375,Medium,31.830103087425233,381.9612370491028
7851-FLGGQ,Male,0,No,No,1,No,No phone service,DSL,No,Yes,No,Yes,No,Yes,Month-to-month,Yes,Mailed check,44.65,44.65,3,1,1,0,44.65,1,0.40996882,Medium,18.305107955634593,219.6612954676151
9374-YOLBJ,Female,0,Yes,Yes,1,Yes,No,No,No internet service,No internet service,No internet service,No internet service,No internet service,No internet service,Month-to-month,No,Electronic check,19.25,19.25,1,0,1,1,19.25,0,0.27661893,Low,5.324914358556271,63.89897230267525
6583-SZVGP,Male,0,No,No,48,Yes,Yes,Fiber optic,No,Yes,Yes,No,Yes,Yes,Two year,Yes,Bank transfer (automatic),108.1,5067.45,6,1,0,0,105.57,0,0.29770848,Low,32.18228685557842,386.18744226694105
2150-OEGBV,Male,0,No,No,27,Yes,No,No,No internet service,No internet service,No internet service,No internet service,No internet service,No internet service,One year,No,Bank transfer (automatic),20.1,562.6,1,0,0,0,20.84,0,0.021590795,Low,0.4339749868959189,5.207699842751027
9372-TXXPS,Female,0,Yes,No,60,Yes,No,DSL,Yes,Yes,No,Yes,No,No,Two year,No,Bank transfer (automatic),59.85,3483.45,4,1,0,0,58.06,0,0.0068916907,Low,0.4124676860170439,4.949612232204527
6933-FHBZC,Female,0,No,No,26,Yes,No,DSL,No,Yes,Yes,No,No,No,One year,Yes,Mailed check,56.05,1553.2,3,1,0,0,59.74,0,0.07522845,Low,4.2165547728538515,50.59865727424622
4698-KVLLG,Female,1,No,No,51,Yes,No,No,No internet service,No internet service,No internet service,No internet service,No internet service,No internet service,Two year,No,Credit card (automatic),19.6,967.9,1,0,0,0,18.98,0,0.010225257,Low,0.20041503533720972,2.4049804240465167
8752-STIVR,Female,0,No,No,4,Yes,No,Fiber optic,No,No,No,No,Yes,No,Month-to-month,Yes,Electronic check,79.0,303.15,2,1,1,1,75.79,1,0.6924746,Medium,54.705493688583374,656.4659242630005
8623-ULFNQ,Female,1,No,No,26,Yes,Yes,DSL,No,No,No,Yes,No,Yes,Month-to-month,Yes,Electronic check,66.05,1652.4,4,1,1,1,63.55,0,0.16043489,Low,10.596724274009466,127.16069128811358
9822-WMWVG,Female,0,No,No,41,Yes,Yes,Fiber optic,Yes,Yes,Yes,Yes,Yes,No,Month-to-month,Yes,Electronic check,106.5,4282.4,7,1,1,1,104.45,0,0.29841393,Low,31.781083792448044,381.3730055093765
4304-TSPVK,Female,0,Yes,No,68,Yes,Yes,Fiber optic,Yes,Yes,Yes,Yes,Yes,Yes,Two year,No,Bank transfer (automatic),114.9,7843.55,8,1,0,0,115.35,0,0.086003944,Low,9.881853197515012,118.58223837018014
1716-LSAMB,Male,0,Yes,Yes,45,Yes,No,DSL,Yes,No,No,Yes,No,No,Two year,No,Bank transfer (automatic),54.65,2553.7,3,1,0,0,56.75,0,0.022713114,Low,1.2412716569378972,14.895259883254766
3523-QRQLL,Female,0,Yes,Yes,22,Yes,No,DSL,No,Yes,No,No,Yes,Yes,One year,Yes,Bank transfer (automatic),69.5,1498.2,4,1,0,0,68.1,1,0.1507178,Low,10.474886745214462,125.69864094257355
2187-PKZAY,Male,0,No,No,12,Yes,No,Fiber optic,No,No,No,No,No,Yes,Month-to-month,Yes,Bank transfer (automatic),79.95,1043.4,2,1,1,0,86.95,0,0.6246039,Medium,49.93708397448063,599.2450076937675
1895-QTKDO,Female,0,No,No,1,Yes,No,DSL,No,No,No,No,No,No,Month-to-month,No,Credit card (automatic),43.95,43.95,1,1,1,0,43.95,0,0.3792465,Low,16.66788381189108,200.01460574269296
8161-QYMTT,Male,0,No,No,7,Yes,Yes,Fiber optic,No,No,No,No,Yes,Yes,Month-to-month,Yes,Electronic check,94.1,701.3,4,1,1,1,100.19,0,0.8768489,High,82.51147927641868,990.1377513170241
2955-PSXOE,Female,0,No,No,1,Yes,No,No,No internet service,No internet service,No internet service,No internet service,No internet service,No internet service,Month-to-month,Yes,Bank transfer (automatic),20.2,20.2,1,0,1,0,20.2,1,0.38869452,Low,7.851629400253295,94.21955280303955
6834-NXDCA,Female,0,No,No,13,No,No phone service,DSL,No,No,No,No,No,No,Month-to-month,Yes,Electronic check,23.9,300.8,0,1,1,1,23.14,1,0.51556754,Medium,12.322064232826232,147.86477079391477
8701-DGLVH,Male,0,No,No,51,Yes,No,No,No internet service,No internet service,No internet service,No internet service,No internet service,No internet service,Two year,No,Mailed check,20.45,1042.65,1,0,0,0,20.44,0,0.005938372,Low,0.12143970963079481,1.4572765155695377
2480-SQIOB,Male,0,Yes,Yes,4,Yes,No,DSL,No,No,No,No,No,No,Month-to-month,No,Electronic check,44.8,169.65,1,1,1,1,42.41,0,0.38185614,Low,17.10715522766113,205.28586273193358
4993-JCRGJ,Male,0,No,No,26,Yes,Yes,Fiber optic,No,No,Yes,Yes,No,No,Month-to-month,Yes,Mailed check,84.3,2281.6,4,1,1,0,87.75,0,0.29151657,Low,24.574847039580344,294.8981644749641
0581-MDMPW,Female,0,No,No,24,Yes,Yes,Fiber optic,No,No,Yes,No,Yes,No,Month-to-month,Yes,Credit card (automatic),88.95,2072.75,4,1,1,0,86.36,0,0.43280897,Medium,38.49835747629404,461.98028971552844
7789-CRUVC,Female,1,Yes,No,61,Yes,Yes,Fiber optic,Yes,Yes,Yes,Yes,No,No,Month-to-month,Yes,Credit card (automatic),94.2,5895.45,6,1,1,0,96.65,0,0.065104045,Low,6.132801036536693,73.59361243844032
0164-APGRB,Female,0,No,No,72,Yes,Yes,Fiber optic,Yes,Yes,Yes,Yes,Yes,Yes,Two year,Yes,Electronic check,114.9,8496.7,8,1,0,1,118.01,0,0.018306147,Low,2.1033763255923987,25.240515907108787
8034-RYTVV,Female,0,No,No,55,Yes,Yes,Fiber optic,Yes,No,Yes,No,No,No,One year,Yes,Credit card (automatic),84.25,4589.85,4,1,0,0,83.45,0,0.051838305,Low,4.3673771834000945,52.408526200801134
3018-TFTSU,Male,0,No,No,12,Yes,No,Fiber optic,Yes,No,Yes,No,No,No,Month-to-month,No,Bank transfer (automatic),81.7,858.6,3,1,1,0,71.55,1,0.26574948,Low,21.711732867360116,260.5407944083214
9777-IQHWP,Male,0,Yes,Yes,64,Yes,Yes,Fiber optic,Yes,No,Yes,No,No,Yes,Two year,No,Bank transfer (automatic),93.4,5822.3,5,1,0,0,90.97,0,0.031112544,Low,2.9059116318821907,34.87093958258629
6899-PPEEA,Female,1,No,No,37,Yes,Yes,Fiber optic,No,No,No,No,Yes,Yes,Month-to-month,Yes,Electronic check,96.55,3580.3,4,1,1,1,96.76,1,0.623448,Medium,60.19390577673912,722.3268693208695
6701-YVNQG,Male,0,Yes,No,72,Yes,Yes,DSL,Yes,Yes,Yes,Yes,Yes,Yes,Two year,Yes,Credit card (automatic),88.7,6301.7,8,1,0,0,87.52,0,0.0035149655,Low,0.31177744255401196,3.7413293106481436
7649-PHJVR,Male,0,No,No,11,Yes,No,No,No internet service,No internet service,No internet service,No internet service,No internet service,No internet service,One year,No,Mailed check,19.5,226.8,1,0,0,0,20.62,0,0.015005238,Low,0.29260214790701866,3.511225774884224
9278-VZKCD,Female,1,Yes,No,52,Yes,Yes,Fiber optic,Yes,Yes,Yes,No,Yes,Yes,Month-to-month,Yes,Electronic check,109.1,5647.95,7,1,1,1,108.61,0,0.3490044,Low,38.076378715038295,456.9165445804596
7636-PEPNS,Female,0,Yes,Yes,58,Yes,No,DSL,No,No,No,No,No,No,One year,Yes,Mailed check,44.1,2413.05,1,1,0,0,41.6,0,0.07792111,Low,3.4363208368420604,41.23585004210472
1575-KRZZE,Female,0,No,No,4,Yes,No,DSL,Yes,Yes,No,No,No,No,Month-to-month,No,Electronic check,55.2,220.65,3,1,1,1,55.16,0,0.2170583,Low,11.981618213653565,143.7794185638428
8590-OHDIW,Female,0,Yes,Yes,38,Yes,No,No,No internet service,No internet service,No internet service,No internet service,No internet service,No internet service,One year,No,Mailed check,20.3,749.35,1,0,0,0,19.72,0,0.01798922,Low,0.3651811679825187,4.382174015790224
7764-BDPEE,Male,0,No,Yes,3,Yes,No,No,No internet service,No internet service,No internet service,No internet service,No internet service,No internet service,Month-to-month,No,Mailed check,20.85,60.65,1,0,1,0,20.22,0,0.107111655,Low,2.2332780104130507,26.79933612495661
9480-BQJEI,Male,0,No,No,62,Yes,Yes,Fiber optic,Yes,Yes,No,No,No,Yes,One year,Yes,Bank transfer (automatic),92.3,5731.45,5,1,0,0,92.44,0,0.053926688,Low,4.977433273568749,59.72919928282499
3354-OADJP,Female,0,No,No,8,Yes,No,DSL,Yes,No,No,Yes,No,No,One year,No,Bank transfer (automatic),54.25,447.75,3,1,0,0,55.97,0,0.052293256,Low,2.836909133940935,34.04290960729122
3181-MIZBN,Male,0,Yes,Yes,16,Yes,No,No,No internet service,No internet service,No internet service,No internet service,No internet service,No internet service,Month-to-month,No,Electronic check,19.75,313.4,1,0,1,1,19.59,0,0.18250445,Low,3.604462794959545,43.25355353951454
9327-QSDED,Male,0,No,No,8,Yes,No,DSL,No,No,No,No,No,No,Month-to-month,No,Mailed check,43.55,335.4,1,1,1,0,41.92,0,0.2208204,Low,9.616728295385837,115.40073954463004
4892-VLANZ,Male,0,No,No,1,Yes,No,No,No internet service,No internet service,No internet service,No internet service,No internet service,No internet service,Month-to-month,No,Mailed check,19.8,19.8,1,0,1,0,19.8,1,0.35513133,Low,7.031600296497345,84.37920355796814
0298-XACET,Male,0,Yes,Yes,52,No,No phone service,DSL,No,Yes,Yes,Yes,Yes,No,Two year,No,Mailed check,50.2,2554.0,4,1,0,0,49.12,0,0.018398775,Low,0.9236184943467379,11.083421932160855
6917-FIJHC,Female,0,Yes,No,72,Yes,Yes,No,No internet service,No internet service,No internet service,No internet service,No internet service,No internet service,Two year,Yes,Mailed check,26.0,1776.0,2,0,0,0,24.67,0,0.0026572996,Low,0.06908979034051299,0.8290774840861559
6557-BZXLQ,Male,1,No,No,16,Yes,No,Fiber optic,No,No,No,No,No,No,Month-to-month,No,Electronic check,69.65,1043.3,1,1,1,1,65.21,0,0.52036375,Medium,36.2433350533247,434.9200206398964
2432-TFSMK,Male,0,No,No,18,Yes,Yes,Fiber optic,No,No,Yes,No,Yes,No,One year,Yes,Credit card (automatic),89.6,1633.0,4,1,0,0,90.72,0,0.13965373,Low,12.512973976135253,150.15568771362302
4211-MMAZN,Male,0,No,No,1,Yes,No,No,No internet service,No internet service,No internet service,No internet service,No internet service,No internet service,Month-to-month,No,Mailed check,20.25,20.25,1,0,1,0,20.25,1,0.259471,Low,5.254287734627724,63.051452815532684
4751-ERMAN,Male,0,Yes,Yes,72,Yes,No,DSL,No,Yes,Yes,No,Yes,Yes,Two year,Yes,Bank transfer (automatic),75.4,5480.25,5,1,0,0,76.11,0,0.019201692,Low,1.4478075914084911,17.373691096901894
8430-TWCBX,Female,0,Yes,No,49,Yes,No,No,No internet service,No internet service,No internet service,No internet service,No internet service,No internet service,One year,No,Credit card (automatic),20.7,1032.05,1,0,0,0,21.06,0,0.01217556,Low,0.25203409194946286,3.0244091033935545
1942-OQFRW,Male,0,No,No,1,Yes,No,DSL,No,No,No,No,No,No,Month-to-month,No,Electronic check,44.0,44.0,1,1,1,1,44.0,0,0.3957552,Low,17.41322886943817,208.95874643325806
4075-JFPGR,Female,0,Yes,No,51,Yes,No,Fiber optic,Yes,Yes,Yes,No,Yes,No,One year,Yes,Electronic check,93.5,4619.55,5,1,0,1,90.58,0,0.12314606,Low,11.514156341552734,138.1698760986328
3339-EAQNV,Male,1,Yes,No,72,Yes,Yes,Fiber optic,No,Yes,No,No,Yes,Yes,One year,Yes,Credit card (automatic),97.25,7133.1,5,1,0,0,99.07,0,0.10009496,Low,9.734234776347876,116.81081731617451
5329-KRDTM,Male,1,Yes,No,72,Yes,Yes,DSL,No,Yes,Yes,Yes,Yes,No,Two year,No,Credit card (automatic),77.35,5396.25,6,1,0,0,74.95,0,0.01909018,Low,1.4766253730282186,17.719504476338624
0307-BCOPK,Female,0,No,No,16,Yes,No,No,No internet service,No internet service,No internet service,No internet service,No internet service,No internet service,One year,No,Mailed check,19.05,326.65,1,0,0,0,20.42,0,0.0071615106,Low,0.13642677774187179,1.6371213329024614
6473-ULUHT,Male,0,Yes,Yes,16,Yes,Yes,DSL,Yes,Yes,No,Yes,Yes,Yes,Month-to-month,No,Electronic check,84.9,1398.25,7,1,1,1,87.39,0,0.1677411,Low,14.241219811141493,170.89463773369792
1194-SPVSP,Male,0,No,No,1,Yes,No,No,No internet service,No internet service,No internet service,No internet service,No internet service,No internet service,Month-to-month,No,Bank transfer (automatic),19.65,19.65,1,0,1,0,19.65,0,0.26056963,Low,5.120193269848823,61.442319238185874
7249-WBIYX,Male,0,Yes,No,10,Yes,Yes,Fiber optic,No,No,No,No,Yes,No,Month-to-month,Yes,Electronic check,85.6,813.85,3,1,1,1,81.39,1,0.7561833,High,64.72929272651672,776.7515127182006
2293-IJWPS,Female,0,Yes,No,57,Yes,Yes,Fiber optic,No,No,Yes,No,Yes,Yes,One year,Yes,Credit card (automatic),100.75,5985.0,5,1,0,0,105.0,0,0.34346175,Low,34.60377150774002,415.24525809288025
4377-VDHYI,Male,0,Yes,Yes,32,Yes,No,Fiber optic,Yes,Yes,No,No,No,Yes,One year,Yes,Electronic check,90.8,3023.85,4,1,0,1,94.5,0,0.14620186,Low,13.275129240751266,159.30155088901518
0019-EFAEP,Female,0,No,No,72,Yes,Yes,Fiber optic,Yes,Yes,Yes,No,Yes,No,Two year,Yes,Bank transfer (automatic),101.3,7261.25,6,1,0,0,100.85,0,0.009512506,Low,0.9636169008910656,11.563402810692786
2480-EJWYP,Female,1,Yes,No,58,Yes,Yes,Fiber optic,No,Yes,No,No,Yes,Yes,One year,Yes,Bank transfer (automatic),97.8,5458.8,5,1,0,0,94.12,0,0.23216566,Low,22.705801981687546,272.4696237802506
8970-ANWXO,Female,0,No,No,23,Yes,Yes,DSL,No,No,No,Yes,Yes,Yes,One year,Yes,Mailed check,73.75,1756.6,5,1,0,0,76.37,0,0.12174067,Low,8.97837433964014,107.74049207568169
8739-WWKDU,Male,1,No,No,25,Yes,Yes,Fiber optic,No,Yes,No,No,Yes,No,Month-to-month,Yes,Electronic check,89.5,2196.15,4,1,1,1,87.85,1,0.62022734,Medium,55.51034665107727,666.1241598129272
2171-UDMFD,Male,0,Yes,Yes,32,Yes,No,No,No internet service,No internet service,No internet service,No internet service,No internet service,No internet service,Month-to-month,Yes,Credit card (automatic),19.45,674.55,1,0,1,0,21.08,0,0.060216747,Low,1.171215733513236,14.054588802158833
7036-TYDEC,Female,0,No,No,69,Yes,Yes,Fiber optic,No,No,Yes,Yes,Yes,Yes,Two year,No,Electronic check,104.0,7028.5,6,1,0,1,101.86,0,0.13652737,Low,14.198846936225891,170.3861632347107
3831-YCPUO,Female,0,Yes,Yes,72,Yes,No,Fiber optic,Yes,Yes,Yes,Yes,Yes,Yes,Two year,Yes,Credit card (automatic),109.5,7854.9,7,1,0,0,109.1,0,0.0081244325,Low,0.8896253616549075,10.67550433985889
0121-SNYRK,Male,0,No,No,50,No,No phone service,DSL,Yes,No,No,Yes,No,No,One year,Yes,Mailed check,35.4,1748.9,2,1,0,0,34.98,0,0.01912764,Low,0.6771184869110584,8.1254218429327
3325-FUYCG,Male,0,Yes,Yes,28,Yes,Yes,Fiber optic,Yes,Yes,No,No,Yes,Yes,One year,No,Electronic check,106.1,2847.4,6,1,0,1,101.69,1,0.19703573,Low,20.905490940809248,250.865891289711
1952-DVVSW,Female,0,Yes,No,10,Yes,No,No,No internet service,No internet service,No internet service,No internet service,No internet service,No internet service,One year,No,Mailed check,20.1,184.4,1,0,0,0,18.44,0,0.021774756,Low,0.43767259139567616,5.252071096748114
3571-DPYUH,Male,0,Yes,Yes,58,Yes,Yes,Fiber optic,No,Yes,No,Yes,Yes,No,One year,Yes,Credit card (automatic),94.7,5430.35,5,1,0,0,93.63,0,0.08455371,Low,8.00723644271493,96.08683731257916
2077-MPJQO,Male,1,Yes,No,7,Yes,Yes,Fiber optic,No,No,No,No,No,No,Month-to-month,Yes,Electronic check,75.4,533.05,2,1,1,1,76.15,0,0.74049443,High,55.833280026912696,669.9993603229524
2391-SOORI,Male,0,No,Yes,4,Yes,No,DSL,Yes,No,No,No,No,No,Month-to-month,No,Electronic check,49.35,219.65,2,1,1,1,54.91,1,0.29422256,Low,14.519883508980275,174.2386021077633
4086-ATNFV,Female,0,Yes,Yes,34,Yes,No,DSL,Yes,Yes,Yes,No,No,No,One year,Yes,Mailed check,60.8,2042.05,4,1,0,0,60.06,0,0.035297204,Low,2.1460699915885924,25.752839899063108
3396-DKDEL,Female,0,Yes,Yes,70,Yes,Yes,Fiber optic,Yes,Yes,Yes,Yes,Yes,Yes,Two year,Yes,Credit card (automatic),115.15,8250.0,8,1,0,0,117.86,0,0.027432803,Low,3.158887272886932,37.906647274643184
7471-MQPOS,Male,1,Yes,Yes,71,Yes,Yes,DSL,No,Yes,Yes,Yes,No,Yes,One year,Yes,Bank transfer (automatic),72.9,5139.65,6,1,0,0,72.39,0,0.07645142,Low,5.5733085751533515,66.87970290184022
7181-OQCUT,Male,0,No,No,21,Yes,Yes,Fiber optic,Yes,No,Yes,No,Yes,Yes,Month-to-month,No,Mailed check,103.85,2215.0,6,1,1,0,105.48,0,0.6235437,Medium,64.75501113831997,777.0601336598397
3489-VSFRD,Female,0,No,No,56,Yes,No,DSL,Yes,No,Yes,Yes,No,No,One year,Yes,Credit card (automatic),60.25,3282.75,4,1,0,0,58.62,0,0.034193654,Low,2.0601676302030683,24.72201156243682
6283-GITPX,Male,0,No,Yes,71,Yes,No,DSL,Yes,Yes,Yes,Yes,Yes,No,Two year,Yes,Credit card (automatic),76.9,5522.7,6,1,0,0,77.78,0,0.008158321,Low,0.6273748511448503,7.528498213738203
2845-HSJCY,Female,0,Yes,Yes,14,Yes,Yes,Fiber optic,No,No,Yes,No,No,Yes,Month-to-month,Yes,Electronic check,87.25,1258.6,4,1,1,1,89.9,1,0.6025,Medium,52.56812687218189,630.8175224661827
7216-KAOID,Male,0,Yes,Yes,41,Yes,No,No,No internet service,No internet service,No internet service,No internet service,No internet service,No internet service,One year,No,Bank transfer (automatic),19.5,798.2,1,0,0,0,19.47,0,0.034926217,Low,0.6810612324625254,8.172734789550304
6680-WKXRZ,Female,0,No,No,3,Yes,Yes,Fiber optic,No,No,No,No,No,No,Month-to-month,No,Bank transfer (automatic),74.4,215.8,2,1,1,0,71.93,1,0.60254383,Medium,44.829261016845706,537.9511322021485
2346-LOCWC,Female,0,Yes,Yes,58,Yes,No,No,No internet service,No internet service,No internet service,No internet service,No internet service,No internet service,Two year,No,Credit card (automatic),20.5,1191.4,1,0,0,0,20.54,0,0.009387099,Low,0.19243553327396512,2.3092263992875814
0769-MURVM,Female,0,Yes,Yes,72,No,No phone service,DSL,Yes,Yes,Yes,Yes,Yes,Yes,Two year,No,Bank transfer (automatic),65.7,4575.35,6,1,0,0,63.55,0,0.005531308,Low,0.3634069208521396,4.3608830502256755
3374-LXDEV,Female,0,No,No,13,Yes,Yes,Fiber optic,No,Yes,Yes,Yes,No,No,Month-to-month,No,Electronic check,89.4,1132.35,5,1,1,1,87.1,1,0.54359716,Medium,48.59758626222611,583.1710351467133
5318-YKDPV,Male,0,Yes,Yes,43,Yes,No,DSL,Yes,No,Yes,Yes,Yes,Yes,Two year,Yes,Credit card (automatic),79.15,3566.6,6,1,0,0,82.94,0,0.020215336,Low,1.6000438628718259,19.20052635446191
8190-ZTQFB,Male,0,No,No,41,No,No phone service,DSL,No,No,Yes,No,Yes,Yes,One year,Yes,Electronic check,51.35,2075.1,3,1,0,1,50.61,0,0.24709551,Low,12.68835445716977,152.26025348603724
4512-ZUIYL,Female,0,No,No,2,Yes,No,Fiber optic,No,No,No,No,No,No,Month-to-month,No,Bank transfer (automatic),70.0,153.05,1,1,1,0,76.53,1,0.4896577,Medium,34.27603900432587,411.3124680519104
3090-QFUVD,Female,0,No,No,1,Yes,No,No,No internet service,No internet service,No internet service,No internet service,No internet service,No internet service,Month-to-month,No,Credit card (automatic),20.3,20.3,1,0,1,0,20.3,0,0.2005821,Low,4.071816669404507,48.861800032854084
4806-KEXQR,Male,0,No,No,4,Yes,No,Fiber optic,No,No,No,No,No,Yes,Month-to-month,Yes,Electronic check,79.9,324.3,2,1,1,1,81.08,1,0.6808009,Medium,54.395993089675905,652.7519170761109
2369-FEVNO,Male,0,No,No,1,Yes,No,No,No internet service,No internet service,No internet service,No internet service,No internet service,No internet service,Month-to-month,Yes,Mailed check,19.9,19.9,1,0,1,0,19.9,0,0.5706463,Medium,11.355861091613768,136.27033309936522
9637-CDTKZ,Male,0,Yes,No,72,Yes,Yes,Fiber optic,Yes,Yes,Yes,Yes,Yes,Yes,Two year,Yes,Credit card (automatic),114.1,8086.4,8,1,0,0,112.31,0,0.011856858,Low,1.3528674621134995,16.234409545361995
2954-PIBKO,Female,0,Yes,Yes,69,Yes,Yes,DSL,Yes,No,Yes,Yes,No,No,Two year,Yes,Credit card (automatic),64.15,4254.1,5,1,0,0,61.65,0,0.013050636,Low,0.8371983171440661,10.046379805728794
2212-LYASK,Male,0,Yes,Yes,27,No,No phone service,DSL,No,Yes,Yes,No,No,Yes,One year,Yes,Credit card (automatic),45.85,1246.4,3,1,0,0,46.16,0,0.17015466,Low,7.801591204106808,93.6190944492817
9481-SFCQY,Female,0,No,Yes,14,Yes,No,DSL,No,No,Yes,No,Yes,No,Month-to-month,Yes,Credit card (automatic),59.8,824.85,3,1,1,0,58.92,0,0.1898473,Low,11.352868863940238,136.23442636728285
2828-SLQPF,Male,0,No,No,19,Yes,No,DSL,No,No,No,No,No,No,Month-to-month,Yes,Bank transfer (automatic),45.0,865.85,1,1,1,0,45.57,0,0.21928683,Low,9.86790731549263,118.41488778591156
4647-MUZON,Female,0,Yes,No,18,Yes,No,Fiber optic,No,No,Yes,No,Yes,Yes,Month-to-month,Yes,Credit card (automatic),95.95,1745.5,4,1,1,0,96.97,0,0.42275763,Medium,40.563594174385074,486.7631300926209
8212-DJRCH,Male,0,Yes,Yes,5,Yes,No,Fiber optic,Yes,No,Yes,No,No,Yes,Month-to-month,Yes,Mailed check,90.35,434.5,4,1,1,0,86.9,0,0.46084952,Medium,41.63775445222854,499.65305342674253
0516-OOHAR,Male,0,Yes,Yes,28,Yes,No,Fiber optic,No,Yes,Yes,No,Yes,Yes,One year,No,Bank transfer (automatic),100.35,2799.0,5,1,0,0,99.96,0,0.10381023,Low,10.41735642068088,125.00827704817056
4973-RLZVI,Female,0,No,No,30,Yes,No,DSL,Yes,Yes,Yes,Yes,Yes,No,One year,No,Credit card (automatic),74.65,2308.6,6,1,0,0,76.95,0,0.069451,Low,5.184516912326217,62.2142029479146
8089-UZWLX,Female,1,No,No,71,Yes,Yes,Fiber optic,No,No,Yes,No,Yes,Yes,Two year,No,Bank transfer (automatic),104.05,7413.55,5,1,0,0,104.42,0,0.085164644,Low,8.861381189897656,106.33657427877188
9732-KPKBW,Male,0,No,No,1,Yes,No,DSL,Yes,No,No,Yes,No,No,Month-to-month,Yes,Electronic check,53.95,53.95,3,1,1,1,53.95,1,0.32329878,Low,17.441969294846057,209.30363153815267
9715-WZCLW,Male,0,Yes,Yes,71,Yes,Yes,Fiber optic,Yes,No,No,No,Yes,Yes,Two year,Yes,Electronic check,97.2,6910.3,5,1,0,1,97.33,0,0.05607807,Low,5.450788298249245,65.40945957899095
0257-KXZGU,Female,0,Yes,Yes,32,Yes,Yes,DSL,No,Yes,Yes,No,No,No,Month-to-month,No,Bank transfer (automatic),62.45,2045.55,4,1,1,0,63.92,0,0.100635275,Low,6.284672939032316,75.4160752683878
0707-HOVVN,Female,1,No,No,70,Yes,Yes,DSL,No,Yes,Yes,Yes,Yes,No,Two year,Yes,Bank transfer (automatic),75.5,5212.65,6,1,0,0,74.47,0,0.05937328,Low,4.482682501897216,53.79219002276659
5501-TVMGM,Male,0,No,No,1,Yes,No,DSL,No,No,No,No,No,Yes,Month-to-month,Yes,Electronic check,55.25,55.25,2,1,1,1,55.25,0,0.7056942,High,38.989604473114014,467.87525367736816
3422-LYEPQ,Male,0,Yes,Yes,1,Yes,No,Fiber optic,No,No,No,No,No,No,Month-to-month,Yes,Electronic check,71.0,71.0,1,1,1,1,71.0,1,0.80760586,High,57.34001624584198,688.0801949501038
2277-VWCNI,Female,1,No,No,4,Yes,Yes,DSL,No,No,No,No,No,No,Month-to-month,No,Mailed check,48.75,179.85,2,1,1,0,44.96,0,0.51892793,Medium,25.297736674547195,303.57284009456635
5461-QKNTN,Male,1,Yes,No,43,Yes,Yes,Fiber optic,No,Yes,No,Yes,Yes,No,Month-to-month,Yes,Electronic check,94.3,3953.15,5,1,1,1,91.93,0,0.3559733,Low,33.56828250288963,402.81939003467556
3967-KXAPS,Male,0,Yes,No,72,Yes,Yes,DSL,Yes,Yes,Yes,Yes,Yes,Yes,Two year,No,Credit card (automatic),92.3,6719.9,8,1,0,0,93.33,0,0.0033629953,Low,0.3104044698411599,3.7248536380939186
6919-ELBGL,Male,1,Yes,Yes,72,Yes,Yes,Fiber optic,Yes,Yes,Yes,Yes,Yes,Yes,Two year,Yes,Bank transfer (automatic),114.95,8196.4,8,1,0,0,113.84,0,0.018600712,Low,2.1381517983041705,25.657821579650047
8361-LTMKD,Male,1,Yes,No,4,Yes,Yes,Fiber optic,No,No,No,No,No,No,Month-to-month,Yes,Mailed check,74.4,306.6,2,1,1,0,76.65,1,0.73948026,High,55.01733112335206,660.2079734802247
1131-ALZWV,Female,0,No,No,24,Yes,Yes,No,No internet service,No internet service,No internet service,No internet service,No internet service,No internet service,One year,No,Bank transfer (automatic),24.6,605.25,2,0,0,0,25.22,0,0.034034964,Low,0.8372601069509984,10.04712128341198
5178-LMXOP,Male,1,Yes,No,1,Yes,Yes,Fiber optic,No,No,No,No,Yes,Yes,Month-to-month,Yes,Electronic check,95.1,95.1,4,1,1,1,95.1,1,0.9421534,High,89.59878779053687,1075.1854534864424
8992-CEUEN,Female,0,No,No,1,Yes,No,No,No internet service,No internet service,No internet service,No internet service,No internet service,No internet service,Month-to-month,No,Electronic check,18.85,18.85,1,0,1,1,18.85,0,0.15313503,Low,2.886595343053341,34.6391441166401
3320-VEOYC,Male,1,No,No,14,Yes,Yes,Fiber optic,No,No,No,No,Yes,Yes,Month-to-month,Yes,Electronic check,95.6,1273.3,4,1,1,1,90.95,0,0.70629096,High,67.52141580581664,810.2569896697997
3672-YITQD,Male,1,Yes,No,36,Yes,Yes,Fiber optic,No,No,No,No,No,Yes,Month-to-month,Yes,Electronic check,84.1,3021.6,3,1,1,1,83.93,1,0.6418043,Medium,53.9757397711277,647.7088772535324
6080-TCMYC,Male,0,Yes,Yes,40,Yes,Yes,Fiber optic,No,No,Yes,No,No,No,Month-to-month,Yes,Electronic check,81.2,3292.3,3,1,1,1,82.31,0,0.47912848,Medium,38.90523257255554,466.86279087066646
6734-FQAJX,Male,1,No,No,67,Yes,No,Fiber optic,Yes,Yes,No,Yes,Yes,Yes,Two year,Yes,Electronic check,105.05,7171.7,6,1,0,1,107.04,0,0.18845704,Low,19.797412259876726,237.56894711852073
1063-DHQJF,Male,0,Yes,Yes,69,Yes,No,Fiber optic,No,Yes,No,Yes,Yes,No,Two year,Yes,Mailed check,92.15,6480.9,4,1,0,0,93.93,0,0.017211858,Low,1.5860727315768601,19.03287277892232
3976-NLDEZ,Male,0,No,No,1,Yes,No,No,No internet service,No internet service,No internet service,No internet service,No internet service,No internet service,Month-to-month,No,Mailed check,20.6,20.6,1,0,1,0,20.6,0,0.37361857,Low,7.696542602777481,92.35851123332978
1729-VLAZJ,Female,0,No,Yes,10,No,No phone service,DSL,Yes,Yes,No,Yes,No,No,One year,No,Mailed check,40.25,411.45,3,1,0,0,41.14,0,0.0378719,Low,1.5243440130725503,18.292128156870604
3400-ESFUW,Male,0,Yes,Yes,55,Yes,No,DSL,Yes,Yes,No,Yes,No,No,Two year,No,Bank transfer (automatic),57.55,3046.4,4,1,0,0,55.39,1,0.014575577,Low,0.8388244759757071,10.065893711708485
5271-YNWVR,Male,0,Yes,Yes,68,Yes,Yes,Fiber optic,Yes,Yes,Yes,Yes,Yes,Yes,Two year,Yes,Electronic check,113.15,7856.0,8,1,0,1,115.53,1,0.04214046,Low,4.7681932192295795,57.21831863075495
1587-FKLZB,Male,1,Yes,Yes,66,Yes,Yes,Fiber optic,No,No,Yes,No,Yes,Yes,Month-to-month,Yes,Credit card (automatic),99.5,6822.15,5,1,1,0,103.37,1,0.52136576,Medium,51.87589329481125,622.510719537735
0958-YHXGP,Female,0,No,No,7,Yes,No,Fiber optic,No,No,No,No,No,No,Month-to-month,Yes,Mailed check,69.9,497.3,1,1,1,0,71.04,0,0.4939893,Medium,34.52985128760338,414.35821545124054
1494-EJZDW,Female,0,Yes,Yes,10,Yes,No,No,No internet service,No internet service,No internet service,No internet service,No internet service,No internet service,Two year,No,Mailed check,20.15,220.8,1,0,0,0,22.08,0,0.01135933,Low,0.22889050487428902,2.746686058491468
1816-FLZDK,Male,0,No,No,1,No,No phone service,DSL,No,No,No,Yes,No,No,Month-to-month,No,Mailed check,29.15,29.15,1,1,1,0,29.15,0,0.31909218,Low,9.30153717249632,111.61844606995584
2075-PUEPR,Male,0,Yes,Yes,55,Yes,No,No,No internet service,No internet service,No internet service,No internet service,No internet service,No internet service,Two year,No,Bank transfer (automatic),19.35,1153.25,1,0,0,0,20.97,0,0.02517581,Low,0.48715192079544073,5.845823049545289
1833-TCXKK,Male,0,Yes,No,45,Yes,Yes,Fiber optic,No,Yes,Yes,No,Yes,Yes,Month-to-month,Yes,Bank transfer (automatic),107.75,4882.8,6,1,1,0,108.51,0,0.5317766,Medium,57.298929408192635,687.5871528983116
1436-ZMJAN,Female,0,Yes,No,10,Yes,No,DSL,No,No,Yes,No,Yes,Yes,Month-to-month,Yes,Credit card (automatic),67.8,653.15,4,1,1,0,65.32,0,0.26181266,Low,17.750898152589798,213.01077783107758
0106-UGRDO,Female,0,Yes,No,69,Yes,Yes,Fiber optic,Yes,Yes,Yes,Yes,Yes,Yes,Two year,Yes,Electronic check,116.0,8182.85,8,1,0,1,118.59,0,0.049854722,Low,5.7831477373838425,69.39777284860611
1069-XAIEM,Female,1,No,No,1,Yes,Yes,Fiber optic,No,No,No,No,No,Yes,Month-to-month,Yes,Electronic check,85.05,85.05,3,1,1,1,85.05,1,0.9313476,High,79.21111410856247,950.5333693027496
4213-HKBJO,Female,0,No,No,33,Yes,Yes,No,No internet service,No internet service,No internet service,No internet service,No internet service,No internet service,Two year,No,Credit card (automatic),25.7,826.1,2,0,0,0,25.03,0,0.014070452,Low,0.3616106213070452,4.3393274556845425
8345-MVDYC,Female,0,No,No,45,Yes,No,DSL,Yes,No,Yes,Yes,Yes,Yes,Two year,No,Bank transfer (automatic),81.65,3618.7,6,1,0,0,80.42,0,0.013068313,Low,1.0670277384109796,12.804332860931755
2672-OJQZP,Female,0,No,No,1,Yes,No,DSL,No,No,No,No,No,No,Month-to-month,No,Mailed check,44.75,44.75,1,1,1,0,44.75,0,0.42022488,Medium,18.805063165724277,225.66075798869133
5136-RGMZO,Male,0,No,No,31,Yes,Yes,DSL,No,Yes,No,Yes,Yes,No,Month-to-month,Yes,Electronic check,71.05,2168.15,5,1,1,1,69.94,0,0.16346589,Low,11.614251293241978,139.37101551890373
5774-QPLTF,Male,0,Yes,Yes,50,Yes,No,No,No internet service,No internet service,No internet service,No internet service,No internet service,No internet service,One year,Yes,Mailed check,20.35,938.95,1,0,0,0,18.78,0,0.0134260375,Low,0.2732198632322252,3.2786383587867025
5240-CAOYT,Female,0,No,No,57,Yes,Yes,Fiber optic,Yes,Yes,No,Yes,No,No,Month-to-month,Yes,Bank transfer (automatic),87.55,4884.85,5,1,1,0,85.7,0,0.07470475,Low,6.540400982648134,78.48481179177762
3707-GNWHM,Male,0,No,No,1,Yes,Yes,Fiber optic,No,No,No,No,No,No,Month-to-month,Yes,Mailed check,74.25,74.25,2,1,1,0,74.25,1,0.83257353,High,61.81858482956886,741.8230179548264
5159-YFPKQ,Female,0,No,No,2,Yes,No,Fiber optic,No,No,Yes,No,No,No,Month-to-month,Yes,Electronic check,75.8,160.75,2,1,1,1,80.38,1,0.7135509,High,54.08716013431549,649.0459216117858
5052-PNLOS,Male,0,No,No,3,Yes,Yes,Fiber optic,No,Yes,Yes,No,Yes,Yes,Month-to-month,Yes,Bank transfer (automatic),105.35,323.25,6,1,1,0,107.75,1,0.8581689,High,90.40809361636639,1084.8971233963966
6173-GOLSU,Male,1,Yes,No,67,Yes,Yes,Fiber optic,No,No,No,No,Yes,Yes,Month-to-month,Yes,Credit card (automatic),94.65,6079.0,4,1,1,0,90.73,0,0.42668125,Medium,40.38538034409285,484.6245641291142
6661-HBGWL,Female,1,No,No,42,Yes,Yes,Fiber optic,No,Yes,Yes,No,Yes,Yes,Month-to-month,Yes,Bank transfer (automatic),104.75,4323.45,6,1,1,0,102.94,1,0.5920422,Medium,62.016421258449554,744.1970551013947
8207-VVMYB,Female,0,Yes,No,70,Yes,Yes,No,No internet service,No internet service,No internet service,No internet service,No internet service,No internet service,Two year,Yes,Bank transfer (automatic),26.0,2006.95,2,0,0,0,28.67,0,0.0060832715,Low,0.15816505812108517,1.897980697453022
5324-KTGCG,Male,0,Yes,No,71,Yes,No,No,No internet service,No internet service,No internet service,No internet service,No internet service,No internet service,One year,No,Electronic check,20.85,1539.75,1,0,0,1,21.69,0,0.0114735775,Low,0.23922409024089578,2.8706890828907494
7354-OIJLX,Male,0,No,No,9,Yes,Yes,Fiber optic,No,No,No,No,No,No,Month-to-month,Yes,Electronic check,75.85,724.65,2,1,1,1,80.52,0,0.6979024,Medium,52.935895630717276,635.2307475686073
9286-BHDQG,Male,0,Yes,Yes,72,No,No phone service,DSL,Yes,Yes,Yes,Yes,No,No,Two year,No,Credit card (automatic),45.25,3139.8,4,1,0,0,43.61,0,0.0062646465,Low,0.28347525582648814,3.4017030699178576
3567-PQTSO,Male,0,Yes,Yes,53,Yes,Yes,Fiber optic,No,Yes,Yes,No,Yes,Yes,One year,Yes,Electronic check,105.25,5576.3,6,1,0,1,105.21,0,0.30329928,Low,31.922249011695385,383.0669881403446
3197-ARFOY,Female,1,No,No,19,Yes,No,Fiber optic,Yes,Yes,No,Yes,Yes,Yes,Month-to-month,Yes,Mailed check,105.0,2007.25,6,1,1,0,105.64,0,0.6613917,Medium,69.44612592458725,833.353511095047
5698-BQJOH,Female,0,No,No,9,Yes,Yes,Fiber optic,No,No,No,No,Yes,Yes,Month-to-month,No,Electronic check,94.4,857.25,4,1,1,1,95.25,1,0.7766432,High,73.31511964797974,879.7814357757569
1090-ESELR,Male,0,Yes,Yes,72,Yes,No,Fiber optic,Yes,Yes,No,Yes,Yes,Yes,Two year,No,Bank transfer (automatic),105.5,7611.55,6,1,0,0,105.72,0,0.03385271,Low,3.571461044251919,42.857532531023026
0056-EPFBG,Male,0,Yes,Yes,20,No,No phone service,DSL,Yes,No,Yes,Yes,No,No,Two year,Yes,Credit card (automatic),39.4,825.4,3,1,0,0,41.27,0,0.02324745,Low,0.9159495532512665,10.991394639015198
4955-VCWBI,Female,0,Yes,Yes,43,Yes,No,No,No internet service,No internet service,No internet service,No internet service,No internet service,No internet service,One year,No,Mailed check,20.0,817.95,1,0,0,0,19.02,0,0.015192523,Low,0.3038504533469677,3.6462054401636124
4717-GHADL,Female,0,No,No,50,Yes,Yes,DSL,No,Yes,No,Yes,Yes,Yes,Two year,Yes,Mailed check,79.6,4024.2,6,1,0,0,80.48,0,0.022171933,Low,1.7648858830332754,21.178630596399305
0058-EVZWM,Female,0,Yes,No,55,Yes,Yes,Fiber optic,Yes,No,No,No,Yes,No,Month-to-month,Yes,Bank transfer (automatic),89.8,4959.6,4,1,1,0,90.17,0,0.16714635,Low,15.009742671251297,180.11691205501558
7218-HKQFK,Male,0,Yes,No,2,Yes,No,Fiber optic,No,No,No,Yes,Yes,Yes,Month-to-month,Yes,Electronic check,94.2,167.5,4,1,1,1,83.75,1,0.65958965,Medium,62.13334486484528,745.6001383781434
5057-RKGLH,Female,0,Yes,Yes,9,Yes,No,No,No internet service,No internet service,No internet service,No internet service,No internet service,No internet service,Two year,No,Mailed check,20.35,191.1,1,0,0,0,21.23,0,0.008183842,Low,0.1665411764290184,1.9984941171482207
2309-OSFEU,Male,0,No,No,10,No,No phone service,DSL,No,No,No,No,No,Yes,Month-to-month,Yes,Mailed check,33.9,298.45,1,1,1,0,29.84,1,0.43909422,Medium,14.88529390990734,178.62352691888807
3429-IFLEM,Female,0,No,No,71,Yes,No,DSL,Yes,Yes,Yes,Yes,Yes,No,Two year,No,Credit card (automatic),77.35,5550.1,6,1,0,0,78.17,0,0.007645208,Low,0.5913568328367546,7.096281994041055
1550-LOAHA,Female,0,Yes,No,32,Yes,No,Fiber optic,No,Yes,No,No,No,Yes,Month-to-month,No,Bank transfer (automatic),84.15,2585.95,3,1,1,0,80.81,1,0.29603493,Low,24.911339539289475,298.9360744714737
1400-MMYXY,Male,1,Yes,No,3,Yes,Yes,Fiber optic,No,Yes,Yes,No,Yes,Yes,Month-to-month,Yes,Electronic check,105.9,334.65,6,1,1,1,111.55,1,0.8079353,High,85.5603480041027,1026.7241760492325
7503-QQRVF,Male,1,Yes,No,16,Yes,No,Fiber optic,No,Yes,No,No,No,No,Month-to-month,Yes,Credit card (automatic),74.3,1178.25,2,1,1,0,73.64,1,0.45832235,Medium,34.05335032343864,408.6402038812637
7504-UWHNB,Male,0,No,No,25,Yes,No,Fiber optic,No,No,No,No,No,No,Month-to-month,No,Electronic check,69.75,1729.35,1,1,1,1,69.17,0,0.27677235,Low,19.304871417582035,231.65845701098442
9565-JSNFM,Male,0,No,No,38,Yes,No,Fiber optic,No,No,No,No,No,No,One year,Yes,Bank transfer (automatic),70.45,2597.6,1,1,0,0,68.36,1,0.1253837,Low,8.833282010257244,105.99938412308694
4735-BJKOU,Female,0,No,No,40,Yes,No,No,No internet service,No internet service,No internet service,No internet service,No internet service,No internet service,Two year,No,Mailed check,20.15,804.85,1,0,0,0,20.12,0,0.006861516,Low,0.1382595435483381,1.6591145225800572
3580-GICBM,Female,0,Yes,Yes,61,Yes,Yes,No,No internet service,No internet service,No internet service,No internet service,No internet service,No internet service,Two year,Yes,Mailed check,24.2,1445.2,2,0,0,0,23.69,0,0.010793336,Low,0.26119872480630874,3.1343846976757046
7632-YUTXB,Female,0,Yes,Yes,25,Yes,No,No,No internet service,No internet service,No internet service,No internet service,No internet service,No internet service,One year,No,Mailed check,20.05,520.1,1,0,0,0,20.8,0,0.014486286,Low,0.2904500314500183,3.48540037740022
9412-ARGBX,Female,0,No,Yes,48,Yes,No,Fiber optic,No,Yes,Yes,Yes,Yes,No,Two year,Yes,Mailed check,95.5,4627.85,5,1,0,0,96.41,1,0.01682098,Low,1.6064036125317216,19.27684335038066
9576-ANLXO,Female,0,No,No,3,Yes,No,Fiber optic,No,No,No,No,No,No,Month-to-month,Yes,Bank transfer (automatic),69.55,222.3,1,1,1,0,74.1,1,0.56636745,Medium,39.39085596501827,472.69027158021925
1110-KYLGQ,Female,0,No,No,63,Yes,Yes,Fiber optic,Yes,Yes,Yes,No,Yes,Yes,Month-to-month,No,Credit card (automatic),108.25,6780.1,7,1,1,0,107.62,0,0.12426562,Low,13.4517532158643,161.4210385903716
8696-JKZNU,Female,1,No,No,37,Yes,Yes,Fiber optic,No,No,No,No,No,No,Month-to-month,Yes,Electronic check,76.25,2841.55,2,1,1,1,76.8,1,0.5481721,Medium,41.798123866319656,501.5774863958359
8757-TFHHJ,Male,0,No,No,1,Yes,No,DSL,Yes,No,No,No,No,No,Month-to-month,Yes,Credit card (automatic),49.8,49.8,2,1,1,0,49.8,0,0.31835893,Low,15.854274612665176,190.2512953519821
2955-BJZHG,Male,0,Yes,Yes,17,Yes,No,Fiber optic,No,No,No,No,Yes,No,Month-to-month,No,Electronic check,80.85,1400.85,2,1,1,1,82.4,1,0.37560806,Low,30.367911390960213,364.41493669152254
9048-JVYVF,Male,0,No,No,3,Yes,No,DSL,No,No,No,Yes,Yes,Yes,Month-to-month,Yes,Electronic check,69.35,191.35,4,1,1,1,63.78,1,0.32005563,Low,22.195858202874657,266.35029843449587
0682-USIXD,Female,0,Yes,No,21,Yes,No,Fiber optic,No,No,No,Yes,Yes,No,Month-to-month,Yes,Electronic check,86.05,1818.9,3,1,1,1,86.61,0,0.4616545,Medium,39.725370936095715,476.7044512331486
3884-UEBXB,Female,0,Yes,Yes,67,No,No phone service,DSL,Yes,Yes,No,No,No,No,Two year,No,Bank transfer (automatic),36.15,2434.45,2,1,0,0,36.34,0,0.015256744,Low,0.5515312911942601,6.618375494331122
1776-SPBWV,Female,0,Yes,Yes,34,Yes,No,No,No internet service,No internet service,No internet service,No internet service,No internet service,No internet service,One year,Yes,Bank transfer (automatic),20.1,682.1,1,0,0,0,20.06,0,0.019633515,Low,0.3946336476132274,4.735603771358729
9050-QLROH,Male,0,No,No,18,Yes,Yes,Fiber optic,No,No,Yes,No,No,Yes,Month-to-month,Yes,Credit card (automatic),90.7,1597.25,4,1,1,0,88.74,1,0.4105772,Medium,37.239352747797966,446.8722329735756
2925-VDZHY,Male,0,Yes,Yes,72,Yes,Yes,DSL,Yes,Yes,Yes,Yes,Yes,Yes,Two year,No,Credit card (automatic),88.7,6501.35,8,1,0,0,90.3,0,0.0034473878,Low,0.305783300800249,3.669399609602988
9512-UIBFX,Male,0,Yes,Yes,18,Yes,No,Fiber optic,No,No,Yes,No,Yes,Yes,Month-to-month,No,Mailed check,95.15,1779.95,4,1,1,0,98.89,1,0.31533146,Low,30.003788328170778,360.04545993804936
8676-TRMJS,Male,0,No,No,3,Yes,Yes,Fiber optic,No,No,No,No,No,No,Month-to-month,No,Mailed check,75.0,209.1,2,1,1,0,69.7,1,0.5361982,Medium,40.214864909648895,482.57837891578674
3334-CTHOL,Female,0,No,No,1,Yes,Yes,DSL,No,No,No,No,No,No,Month-to-month,Yes,Bank transfer (automatic),49.95,49.95,2,1,1,0,49.95,1,0.5050514,Medium,25.227316153049472,302.72779383659366
6331-LWDTQ,Male,0,No,No,10,Yes,Yes,DSL,No,No,No,No,Yes,Yes,Month-to-month,Yes,Credit card (automatic),72.15,794.25,4,1,1,0,79.42,1,0.3602949,Low,25.995277632772925,311.9433315932751
3847-BAERP,Female,0,No,No,10,Yes,No,No,No internet service,No internet service,No internet service,No internet service,No internet service,No internet service,Month-to-month,Yes,Mailed check,20.9,247.0,1,0,1,0,24.7,0,0.087467164,Low,1.8280637234449386,21.936764681339262
4709-LKHYG,Female,0,Yes,Yes,29,Yes,No,No,No internet service,No internet service,No internet service,No internet service,No internet service,No internet service,One year,No,Electronic check,20.0,540.05,1,0,0,1,18.62,0,0.017430793,Low,0.3486158698797226,4.183390438556671
8621-MNIHH,Female,1,Yes,No,34,Yes,Yes,Fiber optic,No,Yes,Yes,No,No,Yes,Month-to-month,Yes,Electronic check,94.25,3217.55,5,1,1,1,94.63,1,0.50536656,Medium,47.630798637866974,571.5695836544037
8884-ADFVN,Male,1,Yes,No,7,Yes,Yes,Fiber optic,No,No,Yes,No,Yes,Yes,Month-to-month,Yes,Electronic check,101.95,700.85,5,1,1,1,100.12,1,0.88560283,High,90.28720870614052,1083.4465044736862
2885-HIJDH,Male,0,Yes,Yes,69,Yes,Yes,DSL,Yes,No,Yes,Yes,Yes,Yes,Two year,No,Bank transfer (automatic),86.9,6194.1,7,1,0,0,89.77,0,0.026307663,Low,2.286135910265148,27.433630923181774
8570-KLJYJ,Female,0,No,No,36,Yes,Yes,DSL,Yes,No,No,No,No,No,One year,No,Mailed check,54.45,1893.5,3,1,0,0,52.6,0,0.028112903,Low,1.5307475812733173,18.368970975279808
9339-FIIJL,Male,0,Yes,No,72,Yes,Yes,DSL,No,Yes,Yes,Yes,Yes,Yes,Two year,No,Bank transfer (automatic),85.95,6151.9,7,1,0,0,85.44,0,0.0070967884,Low,0.6099689612863586,7.319627535436303
6223-DHJGV,Female,0,No,No,42,Yes,No,No,No internet service,No internet service,No internet service,No internet service,No internet service,No internet service,One year,Yes,Mailed check,20.65,958.1,1,0,0,0,22.81,0,0.015770528,Low,0.3256614128127694,3.9079369537532327
0959-WHOKV,Male,0,No,No,42,Yes,Yes,Fiber optic,Yes,Yes,Yes,No,No,Yes,One year,Yes,Electronic check,99.0,4298.45,6,1,0,1,102.34,0,0.26134965,Low,25.87361517548561,310.48338210582733
9610-WCESF,Male,0,No,No,67,No,No phone service,DSL,Yes,No,No,Yes,Yes,No,Two year,No,Electronic check,43.9,3097.2,3,1,0,1,46.23,0,0.05266768,Low,2.312111201509833,27.745334418118
9279-CJEOJ,Female,1,No,No,21,Yes,Yes,Fiber optic,No,No,No,No,Yes,Yes,Month-to-month,Yes,Bank transfer (automatic),95.4,2025.1,4,1,1,0,96.43,0,0.56911993,Medium,54.294041347503665,651.528496170044
2985-FMWYF,Female,0,No,No,23,Yes,Yes,Fiber optic,No,No,No,No,Yes,Yes,Month-to-month,Yes,Electronic check,93.5,2341.55,4,1,1,1,101.81,0,0.718396,High,67.17002674937248,806.0403209924698
3540-RZJYU,Female,0,No,No,15,Yes,No,Fiber optic,Yes,No,No,No,Yes,No,Month-to-month,No,Electronic check,86.2,1270.2,3,1,1,1,84.68,1,0.29428485,Low,25.367354100942613,304.4082492113114
2522-WLNSF,Female,1,Yes,No,34,Yes,No,DSL,No,No,Yes,Yes,Yes,No,One year,No,Bank transfer (automatic),64.2,2106.3,4,1,0,0,61.95,0,0.05383508,Low,3.456212076544762,41.47454491853714
6861-XWTWQ,Male,1,Yes,No,7,Yes,Yes,Fiber optic,No,No,Yes,No,Yes,Yes,Month-to-month,Yes,Electronic check,99.25,665.45,5,1,1,1,95.06,1,0.937089,High,93.00608582794666,1116.07302993536
8735-NBLWT,Male,0,No,Yes,9,Yes,No,No,No internet service,No internet service,No internet service,No internet service,No internet service,No internet service,Month-to-month,No,Mailed check,20.4,184.1,1,0,1,0,20.46,0,0.047571514,Low,0.9704588815569877,11.645506578683852
1744-JHKYS,Female,0,Yes,No,34,Yes,Yes,No,No internet service,No internet service,No internet service,No internet service,No internet service,No internet service,Month-to-month,No,Electronic check,24.7,780.2,2,0,1,1,22.95,0,0.0807796,Low,1.9952560499310492,23.94307259917259
0841-NULXI,Male,0,No,No,1,No,No phone service,DSL,No,No,No,No,No,Yes,Month-to-month,Yes,Electronic check,35.55,35.55,1,1,1,1,35.55,1,0.8082966,High,28.734944871068,344.819338452816
4016-BJKTZ,Female,0,No,No,25,Yes,Yes,Fiber optic,No,Yes,Yes,Yes,Yes,Yes,Two year,No,Electronic check,108.9,2809.05,7,1,0,1,112.36,0,0.21114959,Low,22.994190157949927,275.9302818953991
9298-WGMRW,Female,0,Yes,No,72,Yes,Yes,Fiber optic,Yes,Yes,Yes,Yes,Yes,Yes,Two year,Yes,Bank transfer (automatic),115.5,8312.75,8,1,0,0,115.45,0,0.015380456,Low,1.7764426809735596,21.317312171682715
7893-IXHRQ,Male,0,No,No,1,Yes,No,No,No internet service,No internet service,No internet service,No internet service,No internet service,No internet service,Month-to-month,No,Electronic check,20.55,20.55,1,0,1,1,20.55,1,0.31995788,Low,6.575134478509426,78.90161374211311
8785-CJSHH,Female,0,Yes,No,60,Yes,Yes,Fiber optic,No,Yes,No,No,Yes,Yes,Month-to-month,Yes,Electronic check,99.8,5985.75,5,1,1,1,99.76,0,0.3912335,Low,39.04510368108749,468.5412441730499
7654-YWJUF,Male,0,Yes,No,43,Yes,No,Fiber optic,Yes,No,Yes,Yes,No,No,One year,Yes,Bank transfer (automatic),84.25,3539.25,4,1,0,0,82.31,0,0.05028088,Low,4.236164155416191,50.83396986499429
8909-BOLNL,Male,0,No,No,3,Yes,No,No,No internet service,No internet service,No internet service,No internet service,No internet service,No internet service,One year,No,Mailed check,21.2,52.05,1,0,0,0,17.35,0,0.023703797,Low,0.5025204919278622,6.030245903134347
9919-FZDED,Male,1,Yes,No,72,Yes,Yes,DSL,Yes,Yes,Yes,No,Yes,Yes,Two year,Yes,Credit card (automatic),84.1,5981.65,7,1,0,0,83.08,0,0.013511306,Low,1.1363008072599767,13.635609687119722
0322-CHQRU,Male,0,No,No,2,Yes,No,DSL,No,No,No,No,No,No,Month-to-month,No,Electronic check,45.35,89.5,1,1,1,1,44.75,1,0.4962626,Medium,22.505509361624718,270.0661123394966
3587-PMCOY,Male,0,No,No,10,Yes,No,Fiber optic,Yes,No,Yes,No,Yes,Yes,One year,Yes,Electronic check,98.9,1064.95,5,1,0,1,106.5,0,0.5289643,Medium,52.314567399024966,627.7748087882997
0655-RBDUG,Male,0,No,No,7,Yes,Yes,Fiber optic,No,No,Yes,No,Yes,Yes,Month-to-month,Yes,Bank transfer (automatic),98.05,713.0,5,1,1,0,101.86,1,0.92974824,High,91.1618146508932,1093.9417758107184
0983-TATYJ,Female,0,Yes,No,33,Yes,No,DSL,No,No,No,Yes,No,No,One year,Yes,Mailed check,51.45,1758.9,2,1,0,0,53.3,0,0.047650576,Low,2.4516221165657046,29.419465398788454
5650-YLIBA,Male,0,No,No,31,Yes,Yes,Fiber optic,No,Yes,No,No,No,No,Month-to-month,Yes,Electronic check,81.15,2640.55,3,1,1,1,85.18,0,0.5280727,Medium,42.853100806474686,514.2372096776962
5144-TVGLP,Male,1,No,No,38,Yes,Yes,Fiber optic,No,No,No,No,Yes,Yes,Month-to-month,No,Electronic check,94.75,3653.0,4,1,1,1,96.13,0,0.5529298,Medium,52.3901003152132,628.6812037825584
3569-EDBPQ,Female,0,No,No,24,Yes,Yes,Fiber optic,Yes,No,No,Yes,No,No,Month-to-month,Yes,Electronic check,84.35,1938.05,4,1,1,1,80.75,0,0.31195933,Low,26.313769170641898,315.76523004770274
4945-RVMTE,Female,0,No,No,28,Yes,No,DSL,No,No,Yes,No,Yes,No,Month-to-month,Yes,Bank transfer (automatic),59.55,1646.45,3,1,1,0,58.8,0,0.11044419,Low,6.576951402425766,78.92341682910919
3511-BFTJW,Male,0,Yes,Yes,72,No,No phone service,DSL,Yes,Yes,Yes,No,No,No,Two year,No,Credit card (automatic),38.5,2763.0,3,1,0,0,38.38,0,0.01151192,Low,0.44320892076939344,5.318507049232721
5537-UXXVS,Female,0,Yes,No,20,Yes,No,No,No internet service,No internet service,No internet service,No internet service,No internet service,No internet service,Month-to-month,No,Bank transfer (automatic),19.25,375.25,1,0,1,0,18.76,0,0.065216795,Low,1.2554232962429523,15.065079554915428
8782-NUUOL,Male,0,No,No,60,Yes,No,DSL,Yes,No,Yes,Yes,Yes,Yes,One year,No,Mailed check,79.0,4801.1,6,1,0,0,80.02,0,0.04099013,Low,3.238220199942589,38.858642399311066
2865-TCHJW,Female,1,No,No,4,Yes,Yes,Fiber optic,No,No,Yes,No,Yes,No,Month-to-month,Yes,Electronic check,89.2,346.2,4,1,1,1,86.55,1,0.83172065,High,74.18948199748993,890.2737839698792
9931-KGHOA,Female,0,Yes,No,46,Yes,Yes,DSL,Yes,No,No,No,No,No,Month-to-month,No,Bank transfer (automatic),55.0,2473.95,3,1,1,0,53.78,0,0.13376391,Low,7.357015013694763,88.28418016433716
3071-MVJCD,Male,0,Yes,Yes,72,Yes,Yes,DSL,Yes,Yes,Yes,Yes,Yes,No,Two year,No,Bank transfer (automatic),82.3,5815.15,7,1,0,0,80.77,0,0.005675841,Low,0.4671217244118452,5.605460692942142
7279-BUYWN,Female,1,No,No,41,Yes,Yes,Fiber optic,Yes,Yes,Yes,No,Yes,Yes,Month-to-month,Yes,Electronic check,113.2,4689.5,7,1,1,1,114.38,1,0.43895972,Medium,49.69024004936218,596.2828805923461
3756-VNWDH,Male,1,Yes,No,65,Yes,Yes,Fiber optic,Yes,No,No,No,Yes,Yes,One year,Yes,Electronic check,100.75,6674.65,5,1,0,1,102.69,0,0.2102906,Low,21.186777535825968,254.2413304299116
1395-OFUWC,Male,0,Yes,Yes,43,No,No phone service,DSL,No,Yes,No,No,No,No,Month-to-month,No,Credit card (automatic),29.3,1224.05,1,1,1,0,28.47,0,0.15418215,Low,4.517537023127079,54.21044427752494
4223-BKEOR,Female,0,No,Yes,21,Yes,No,DSL,Yes,No,Yes,No,No,Yes,One year,No,Mailed check,64.85,1336.8,4,1,0,0,63.66,0,0.046934236,Low,3.0436851942911742,36.52422233149409
0040-HALCW,Male,0,Yes,Yes,54,Yes,No,No,No internet service,No internet service,No internet service,No internet service,No internet service,No internet service,Two year,No,Credit card (automatic),20.4,1090.6,1,0,0,0,20.2,0,0.008440589,Low,0.17218800745904445,2.066256089508533
7124-UGSUR,Female,1,Yes,No,61,Yes,Yes,Fiber optic,No,Yes,Yes,No,Yes,Yes,One year,Yes,Credit card (automatic),104.4,6405.0,6,1,0,0,105.0,1,0.17322852,Low,18.08505719304085,217.02068631649018
7395-XWZOY,Male,0,No,No,20,No,No phone service,DSL,Yes,Yes,Yes,Yes,Yes,No,Month-to-month,Yes,Credit card (automatic),55.0,1165.55,5,1,1,0,58.28,0,0.18810594,Low,10.345826745033264,124.14992094039917
5440-VHLUL,Male,0,No,No,69,Yes,Yes,Fiber optic,No,Yes,No,Yes,Yes,Yes,One year,Yes,Bank transfer (automatic),105.2,7386.05,6,1,0,0,107.04,0,0.43796262,Medium,46.07366777658463,552.8840133190156
4706-DGAHW,Male,1,No,No,1,Yes,No,DSL,No,No,No,No,No,No,Month-to-month,No,Electronic check,45.2,45.2,1,1,1,1,45.2,0,0.70742184,High,31.975467133522034,383.7056056022644
8166-ORCHU,Male,1,Yes,No,33,Yes,No,Fiber optic,Yes,Yes,No,Yes,No,Yes,One year,Yes,Electronic check,93.55,3055.5,5,1,0,1,92.59,0,0.15302283,Low,14.31528534591198,171.78342415094374
3978-YNKDD,Male,0,No,Yes,19,Yes,No,No,No internet service,No internet service,No internet service,No internet service,No internet service,No internet service,Two year,No,Credit card (automatic),20.85,467.5,1,0,0,0,24.61,0,0.008523174,Low,0.17770817019045354,2.1324980422854427
7198-GLXTC,Male,0,No,No,2,Yes,No,Fiber optic,No,No,No,No,Yes,No,Month-to-month,No,Electronic check,79.0,143.65,2,1,1,1,71.82,1,0.6356179,Medium,50.21381503343582,602.5657804012299
6366-XIVKZ,Female,0,Yes,Yes,13,Yes,No,DSL,Yes,No,Yes,No,No,Yes,Month-to-month,Yes,Mailed check,63.15,816.8,4,1,1,0,62.83,0,0.15109685,Low,9.541766117513179,114.50119341015815
5133-POWUA,Male,0,No,No,1,Yes,No,DSL,No,No,No,No,No,No,Month-to-month,Yes,Mailed check,45.8,45.8,1,1,1,0,45.8,0,0.64258105,Medium,29.430211889743802,353.1625426769256
8400-WZICQ,Female,0,Yes,Yes,55,Yes,No,DSL,Yes,Yes,No,No,No,No,Month-to-month,No,Electronic check,55.7,3131.8,3,1,1,1,56.94,0,0.14810386,Low,8.249385169148445,98.99262202978133
5382-SOYZL,Male,0,No,No,22,Yes,Yes,Fiber optic,No,No,No,No,Yes,Yes,Month-to-month,Yes,Electronic check,95.1,2162.6,4,1,1,1,98.3,0,0.6952293,Medium,66.11630566120148,793.3956679344178
1989-PRJHP,Male,1,Yes,No,27,Yes,Yes,Fiber optic,No,No,No,No,No,No,Month-to-month,Yes,Electronic check,75.5,1893.95,2,1,1,1,70.15,1,0.40155575,Medium,30.317458882927895,363.80950659513474
4154-AQUGT,Male,1,Yes,No,13,Yes,No,Fiber optic,No,Yes,No,Yes,No,Yes,Month-to-month,Yes,Bank transfer (automatic),89.05,1169.35,4,1,1,0,89.95,1,0.5441436,Medium,48.455989107489586,581.471869289875
0980-FEXWF,Male,0,Yes,Yes,26,Yes,No,DSL,No,No,Yes,No,No,No,One year,No,Mailed check,50.35,1285.8,2,1,0,0,49.45,0,0.042381346,Low,2.133900782465935,25.60680938959122
5845-BZZIB,Male,0,Yes,Yes,35,Yes,No,No,No internet service,No internet service,No internet service,No internet service,No internet service,No internet service,Two year,No,Mailed check,20.1,655.3,1,0,0,0,18.72,0,0.0050782994,Low,0.10207381867803635,1.2248858241364362
4840-ORQXB,Female,1,No,No,56,Yes,Yes,Fiber optic,No,Yes,Yes,No,Yes,Yes,Month-to-month,No,Electronic check,104.75,5841.35,6,1,1,1,104.31,0,0.38966122,Low,40.81701307743788,489.80415692925453
0295-PPHDO,Male,0,No,No,1,Yes,Yes,Fiber optic,No,No,No,No,Yes,Yes,Month-to-month,Yes,Electronic check,95.45,95.45,4,1,1,1,95.45,1,0.9388531,High,89.61352696716786,1075.3623236060143
8775-ERLNB,Male,1,Yes,No,1,Yes,Yes,Fiber optic,No,No,No,No,No,No,Month-to-month,No,Electronic check,74.3,74.3,2,1,1,1,74.3,0,0.85150564,High,63.2668688416481,759.2024260997772
0376-YMCJC,Male,0,No,No,23,Yes,Yes,Fiber optic,No,No,No,Yes,Yes,No,Month-to-month,Yes,Electronic check,90.6,1943.2,4,1,1,1,84.49,1,0.45818686,Medium,41.51172995567322,498.1407594680786
7410-YTJIK,Female,0,No,No,7,Yes,Yes,Fiber optic,No,No,No,No,No,No,Month-to-month,No,Mailed check,75.45,480.75,2,1,1,0,68.68,1,0.45320755,Medium,34.1945098310709,410.33411797285083
9927-DSWDF,Male,0,Yes,No,22,Yes,No,Fiber optic,Yes,Yes,No,Yes,Yes,Yes,Month-to-month,Yes,Electronic check,104.6,2180.55,6,1,1,1,99.12,0,0.48051918,Medium,50.262305760383605,603.1476691246032
6681-ZSEXG,Male,0,Yes,No,56,Yes,Yes,DSL,No,Yes,Yes,No,No,No,Two year,No,Credit card (automatic),59.5,3389.25,4,1,0,0,60.52,0,0.02664414,Low,1.5853263586759567,19.02391630411148
5702-KVQRD,Male,0,Yes,No,71,Yes,No,DSL,Yes,No,Yes,Yes,Yes,Yes,Two year,Yes,Electronic check,82.55,5832.65,6,1,0,1,82.15,0,0.01922358,Low,1.586906540300697,19.042878483608362
8711-LOBKY,Male,0,Yes,Yes,59,Yes,No,No,No internet service,No internet service,No internet service,No internet service,No internet service,No internet service,Two year,No,Mailed check,19.85,1188.25,1,0,0,0,20.14,0,0.016891325,Low,0.3352927991189063,4.023513589426876
9692-TUSXH,Female,0,No,No,18,Yes,No,Fiber optic,Yes,No,No,No,Yes,Yes,Month-to-month,Yes,Electronic check,96.05,1740.7,4,1,1,1,96.71,1,0.6022198,Medium,57.8432137131691,694.1185645580292
4012-YCFAI,Male,0,Yes,No,60,Yes,No,DSL,Yes,Yes,No,Yes,No,No,Two year,Yes,Mailed check,61.35,3766.2,4,1,0,0,62.77,0,0.004750418,Low,0.2914381449809298,3.4972577397711575
8455-HIRAQ,Female,0,No,No,8,Yes,No,DSL,No,No,No,No,No,No,Month-to-month,No,Mailed check,44.45,369.3,1,1,1,0,46.16,0,0.1857509,Low,8.25662758052349,99.07953096628188
7853-WNZSY,Male,0,No,No,1,Yes,No,No,No internet service,No internet service,No internet service,No internet service,No internet service,No internet service,Month-to-month,Yes,Credit card (automatic),19.75,19.75,1,0,1,0,19.75,0,0.3180156,Low,6.280808202922344,75.36969843506813
0390-DCFDQ,Female,1,Yes,No,1,Yes,No,Fiber optic,No,No,No,No,No,No,Month-to-month,Yes,Mailed check,70.45,70.45,1,1,1,0,70.45,1,0.80053335,High,56.397574809193614,676.7708977103234
6421-SZVEM,Female,0,Yes,Yes,28,Yes,No,Fiber optic,Yes,No,No,No,No,Yes,One year,Yes,Bank transfer (automatic),82.85,2320.8,3,1,0,0,82.89,0,0.1214483,Low,10.061991719529033,120.74390063434839
3094-JOJAI,Male,0,No,No,18,Yes,Yes,Fiber optic,No,No,No,No,No,No,Month-to-month,No,Mailed check,74.15,1387.0,2,1,1,0,77.06,0,0.21644549,Low,16.049433136731388,192.59319764077665
4873-ILOLJ,Male,0,No,No,24,Yes,No,Fiber optic,No,No,No,No,Yes,Yes,Month-to-month,Yes,Electronic check,90.35,2238.5,3,1,1,1,93.27,1,0.4969074,Medium,44.895584765076634,538.7470171809196
8181-YHCMF,Female,0,Yes,Yes,68,No,No phone service,DSL,No,Yes,Yes,Yes,Yes,Yes,Two year,No,Credit card (automatic),60.3,4109.0,5,1,0,0,60.43,0,0.0154903205,Low,0.9340663268230855,11.208795921877027
3324-OIRTO,Male,0,Yes,Yes,71,Yes,No,Fiber optic,Yes,Yes,Yes,No,Yes,Yes,One year,Yes,Bank transfer (automatic),104.65,7288.4,6,1,0,0,102.65,0,0.053392388,Low,5.587513396516442,67.05016075819731
9135-HSWOC,Male,0,Yes,Yes,64,Yes,No,No,No internet service,No internet service,No internet service,No internet service,No internet service,No internet service,Two year,Yes,Bank transfer (automatic),19.7,1274.05,1,0,0,0,19.91,0,0.014699642,Low,0.2895829398185015,3.4749952778220177
2272-WUSPA,Female,0,Yes,No,72,Yes,Yes,Fiber optic,Yes,Yes,Yes,No,Yes,Yes,Two year,Yes,Electronic check,110.75,7751.7,7,1,0,1,107.66,0,0.017881377,Low,1.980362466070801,23.764349592849612
4627-MIHJH,Female,1,No,No,69,Yes,Yes,Fiber optic,Yes,No,Yes,Yes,Yes,Yes,Two year,No,Credit card (automatic),110.25,7467.55,7,1,0,0,108.23,0,0.19879703,Low,21.917372804135084,263.008473649621
3896-RCYYE,Female,0,No,No,67,No,No phone service,DSL,No,No,Yes,Yes,Yes,Yes,Month-to-month,Yes,Credit card (automatic),53.4,3579.15,4,1,1,0,53.42,0,0.09234967,Low,4.931472422182559,59.17766906619072
6729-GDNGC,Female,1,No,No,20,Yes,No,Fiber optic,No,No,No,No,Yes,No,Month-to-month,No,Bank transfer (automatic),80.7,1614.2,2,1,1,0,80.71,0,0.23851267,Low,19.247972068190574,230.97566481828687
9945-PSVIP,Female,0,Yes,Yes,25,Yes,No,No,No internet service,No internet service,No internet service,No internet service,No internet service,No internet service,Two year,Yes,Mailed check,18.7,383.65,1,0,0,0,15.35,0,0.0037575087,Low,0.07026541277300566,0.8431849532760679
4137-JOPHL,Female,0,No,No,50,Yes,No,Fiber optic,No,No,Yes,Yes,No,Yes,Two year,Yes,Bank transfer (automatic),89.7,4304.5,4,1,0,0,86.09,0,0.021613317,Low,1.9387144999578596,23.264573999494317
2720-FVBQP,Female,0,Yes,Yes,6,Yes,Yes,DSL,No,No,No,No,No,No,Month-to-month,Yes,Credit card (automatic),48.95,273.25,2,1,1,0,45.54,0,0.43320188,Medium,21.20523198992014,254.4627838790417
7854-EKTJL,Female,0,No,Yes,2,Yes,No,No,No internet service,No internet service,No internet service,No internet service,No internet service,No internet service,Month-to-month,Yes,Electronic check,19.6,35.85,1,0,1,1,17.92,1,0.15970871,Low,3.1302906870841984,37.56348824501038
1133-KXCGE,Female,0,No,No,18,Yes,No,No,No internet service,No internet service,No internet service,No internet service,No internet service,No internet service,One year,No,Mailed check,20.1,407.05,1,0,0,0,22.61,0,0.025532668,Low,0.5132066359743477,6.158479631692172
6048-QBXKL,Female,1,No,No,2,Yes,Yes,DSL,No,Yes,No,No,No,No,Month-to-month,Yes,Credit card (automatic),56.55,118.25,3,1,1,0,59.12,0,0.6198471,Medium,35.052354571223255,420.6282548546791
6338-AVWCY,Male,0,No,No,3,No,No phone service,DSL,No,No,Yes,No,Yes,No,Month-to-month,Yes,Mailed check,40.15,130.75,2,1,1,0,43.58,1,0.6656506,Medium,26.725871837139128,320.71046204566954
0013-MHZWF,Female,0,No,Yes,9,Yes,No,DSL,No,No,No,Yes,Yes,Yes,Month-to-month,Yes,Credit card (automatic),69.4,571.45,4,1,1,0,63.49,0,0.21206282,Low,14.717159762978556,176.60591715574267
9804-ICWBG,Male,0,No,No,1,Yes,No,Fiber optic,No,No,No,No,No,No,Month-to-month,Yes,Electronic check,69.9,69.9,1,1,1,1,69.9,1,0.8464763,High,59.16869451999665,710.0243342399598
2368-GAKKQ,Female,0,No,No,70,Yes,Yes,Fiber optic,Yes,Yes,Yes,Yes,Yes,Yes,Two year,Yes,Bank transfer (automatic),113.65,7939.25,8,1,0,0,113.42,0,0.061651804,Low,7.006727473810315,84.08072968572378
4829-AUOAX,Female,0,No,No,46,Yes,Yes,Fiber optic,No,No,No,No,Yes,Yes,Month-to-month,No,Bank transfer (automatic),96.05,4399.5,4,1,1,0,95.64,1,0.3819107,Low,36.68252384215593,440.19028610587117
7876-BEUTG,Female,0,No,No,15,Yes,Yes,DSL,No,No,No,No,No,No,Month-to-month,Yes,Mailed check,48.8,720.1,2,1,1,0,48.01,0,0.34160823,Low,16.67048144340515,200.04577732086182
6349-JDHQP,Female,0,No,No,53,Yes,No,No,No internet service,No internet service,No internet service,No internet service,No internet service,No internet service,Two year,No,Credit card (automatic),19.85,1049.6,1,0,0,0,19.8,0,0.027865011,Low,0.5531204732134939,6.637445678561926
3063-QFSZL,Female,0,No,No,1,Yes,No,DSL,No,No,No,No,No,Yes,Month-to-month,Yes,Electronic check,55.4,55.4,2,1,1,1,55.4,1,0.70497847,High,39.05580701828003,468.6696842193603
9142-XMYJH,Female,0,No,No,29,Yes,No,No,No internet service,No internet service,No internet service,No internet service,No internet service,No internet service,Month-to-month,No,Credit card (automatic),19.35,601.6,1,0,1,0,20.74,0,0.06701697,Low,1.296778304502368,15.561339654028416
2609-IAICY,Female,0,No,No,1,Yes,Yes,Fiber optic,No,No,No,No,No,No,Month-to-month,Yes,Electronic check,77.15,77.15,2,1,1,1,77.15,1,0.92303026,High,71.21178434491158,854.541412138939
8626-PTQGE,Male,0,No,No,69,No,No phone service,DSL,Yes,Yes,No,Yes,Yes,Yes,Two year,Yes,Bank transfer (automatic),60.05,4176.7,5,1,0,0,60.53,0,0.016000615,Low,0.960836956743151,11.530043480917811
0230-UBYPQ,Male,1,Yes,No,63,No,No phone service,DSL,Yes,No,No,Yes,No,No,One year,No,Bank transfer (automatic),36.1,2298.9,2,1,0,0,36.49,0,0.02813827,Low,1.0157915687188506,12.189498824626206
6814-ZPWFQ,Male,1,No,No,51,Yes,Yes,No,No internet service,No internet service,No internet service,No internet service,No internet service,No internet service,One year,No,Bank transfer (automatic),25.0,1260.7,2,0,0,0,24.72,0,0.03184502,Low,0.7961254566907883,9.55350548028946
5921-NGYRH,Male,0,Yes,No,64,Yes,No,Fiber optic,Yes,No,No,No,No,No,Month-to-month,Yes,Mailed check,73.55,4764.0,2,1,1,0,74.44,0,0.08720382,Low,6.413841183856129,76.96609420627355
7803-XOCCZ,Female,0,Yes,Yes,52,Yes,No,Fiber optic,Yes,No,Yes,Yes,No,No,Month-to-month,Yes,Bank transfer (automatic),84.05,4326.8,4,1,1,0,83.21,0,0.123212494,Low,10.356010117009282,124.27212140411137
1459-QNFQT,Male,0,Yes,Yes,70,No,No phone service,DSL,Yes,No,Yes,Yes,Yes,Yes,Two year,No,Bank transfer (automatic),59.5,4144.8,5,1,0,0,59.21,0,0.015708346,Low,0.9346465822309256,11.215758986771107
3948-FVVRP,Male,0,Yes,Yes,9,Yes,No,DSL,No,Yes,No,Yes,No,No,Month-to-month,No,Mailed check,54.8,452.8,3,1,1,0,50.31,0,0.1681518,Low,9.214718413352966,110.57662096023559
0923-PNFUB,Female,0,No,No,3,Yes,No,Fiber optic,No,Yes,No,No,Yes,No,Month-to-month,No,Electronic check,83.75,247.25,3,1,1,1,82.42,1,0.51778084,Medium,43.36414538323879,520.3697445988655
4654-ULTTN,Male,0,Yes,No,70,Yes,Yes,DSL,Yes,No,Yes,Yes,No,Yes,Two year,Yes,Credit card (automatic),74.8,5315.8,6,1,0,0,75.94,0,0.07371229,Low,5.513679242134094,66.16415090560912
5628-FCGYG,Male,0,No,No,21,Yes,Yes,Fiber optic,No,No,No,No,No,Yes,Month-to-month,Yes,Electronic check,84.1,1737.45,3,1,1,1,82.74,0,0.6139266,Medium,51.63122617602348,619.5747141122818
0506-LVNGN,Female,1,No,No,5,Yes,No,Fiber optic,No,No,Yes,No,No,No,Month-to-month,Yes,Credit card (automatic),75.55,349.65,2,1,1,0,69.93,1,0.55394346,Medium,41.85042804181575,502.20513650178907
4329-YPDDQ,Male,0,No,No,20,Yes,No,Fiber optic,Yes,Yes,Yes,Yes,Yes,Yes,Month-to-month,Yes,Bank transfer (automatic),108.2,2203.7,7,1,1,0,110.18,0,0.40749535,Medium,44.0909968316555,529.091961979866
9866-OCCKE,Female,1,Yes,No,72,Yes,Yes,Fiber optic,Yes,No,Yes,Yes,Yes,Yes,Two year,Yes,Mailed check,109.75,8075.35,7,1,0,0,112.16,0,0.013189161,Low,1.4475104412995279,17.370125295594335
0794-YVSGE,Male,0,Yes,Yes,72,Yes,No,No,No internet service,No internet service,No internet service,No internet service,No internet service,No internet service,Two year,No,Bank transfer (automatic),20.3,1401.15,1,0,0,0,19.46,0,0.005236106,Low,0.10629295166581869,1.2755154199898242
4342-HENTK,Female,1,No,No,2,Yes,No,Fiber optic,No,No,No,No,No,No,Month-to-month,Yes,Electronic check,70.65,142.35,1,1,1,1,71.18,1,0.6153578,Medium,43.47502971589566,521.7003565907479
5934-TSSAU,Female,0,Yes,Yes,23,Yes,No,Fiber optic,No,No,Yes,No,No,No,Month-to-month,Yes,Credit card (automatic),75.3,1702.9,2,1,1,0,74.04,0,0.278477,Low,20.96931908726692,251.63182904720304
9986-BONCE,Female,0,No,No,4,Yes,No,No,No internet service,No internet service,No internet service,No internet service,No internet service,No internet service,Month-to-month,No,Bank transfer (automatic),20.95,85.5,1,0,1,0,21.38,1,0.15239076,Low,3.19258648827672,38.311037859320635
5301-GAUUY,Male,0,No,No,32,Yes,Yes,Fiber optic,No,Yes,No,No,No,No,Month-to-month,Yes,Bank transfer (automatic),80.35,2596.15,3,1,1,0,81.13,1,0.35001686,Low,28.123854874074457,337.4862584888935
0725-CXOTM,Female,0,No,No,36,Yes,Yes,DSL,Yes,No,Yes,Yes,Yes,Yes,One year,Yes,Credit card (automatic),89.65,3348.1,7,1,0,0,93.0,0,0.06001457,Low,5.380306045338512,64.56367254406214
2843-CQMEG,Male,0,No,No,24,Yes,No,DSL,No,Yes,No,No,No,No,Month-to-month,Yes,Mailed check,49.7,1218.25,2,1,1,0,50.76,0,0.13690077,Low,6.803968153893948,81.64761784672737
5600-PDUJF,Male,0,No,No,6,Yes,No,DSL,No,No,No,Yes,No,No,Month-to-month,Yes,Credit card (automatic),49.5,312.7,2,1,1,0,52.12,0,0.23659323,Low,11.711364962160587,140.53637954592705
4500-HKANN,Male,0,Yes,Yes,23,Yes,Yes,DSL,No,Yes,No,Yes,No,No,Two year,No,Mailed check,59.7,1414.2,4,1,0,0,61.49,0,0.019278659,Low,1.150935915671289,13.811230988055469
1862-QRWPE,Female,0,Yes,Yes,48,Yes,No,No,No internet service,No internet service,No internet service,No internet service,No internet service,No internet service,Two year,No,Bank transfer (automatic),20.65,1057.0,1,0,0,0,22.02,0,0.010669706,Low,0.22032943693920967,2.643953243270516
2155-AMQRX,Female,0,No,No,28,Yes,Yes,DSL,No,No,No,Yes,No,No,Month-to-month,Yes,Credit card (automatic),54.9,1505.15,3,1,1,0,53.76,0,0.104671404,Low,5.746460066735744,68.95752080082893
0823-HSCDJ,Male,1,No,No,52,No,No phone service,DSL,No,Yes,No,No,Yes,Yes,Month-to-month,Yes,Electronic check,49.15,2550.9,3,1,1,1,49.06,1,0.4657511,Medium,22.891667130589486,274.70000556707384
4090-KPJIP,Female,0,No,No,3,Yes,Yes,Fiber optic,No,No,No,No,No,No,Month-to-month,Yes,Electronic check,74.95,212.4,2,1,1,1,70.8,0,0.73519224,High,55.10265833437443,661.2319000124932
2737-YNGYW,Female,0,No,No,2,Yes,No,Fiber optic,No,No,No,No,No,Yes,Month-to-month,No,Electronic check,80.55,184.1,2,1,1,1,92.05,1,0.69539535,Medium,56.01409547924995,672.1691457509994
5619-XZZKR,Male,0,No,No,4,Yes,No,No,No internet service,No internet service,No internet service,No internet service,No internet service,No internet service,One year,No,Mailed check,19.95,68.2,1,0,0,0,17.05,0,0.017631121,Low,0.35174086354672907,4.220890362560748
6047-YHPVI,Male,0,No,No,5,Yes,No,Fiber optic,No,No,No,No,No,No,Month-to-month,Yes,Electronic check,69.7,316.9,1,1,1,1,63.38,1,0.59840244,Medium,41.708650106191634,500.5038012742996
8375-DKEBR,Female,1,No,No,1,Yes,No,Fiber optic,No,No,No,No,No,No,Month-to-month,Yes,Electronic check,69.6,69.6,1,1,1,1,69.6,1,0.8971286,High,62.44014930725097,749.2817916870116
7729-XBTWX,Male,0,Yes,Yes,66,Yes,No,No,No internet service,No internet service,No internet service,No internet service,No internet service,No internet service,Two year,Yes,Mailed check,19.75,1344.5,1,0,0,0,20.37,0,0.0055594677,Low,0.10979948728345335,1.3175938474014401
4983-CLMLV,Female,0,Yes,No,52,Yes,Yes,Fiber optic,No,Yes,No,Yes,Yes,Yes,Month-to-month,Yes,Credit card (automatic),102.7,5138.1,6,1,1,0,98.81,0,0.2554461,Low,26.2343151062727,314.8117812752724
9227-LUNBG,Female,0,No,No,1,No,No phone service,DSL,No,No,No,No,No,No,Month-to-month,No,Electronic check,24.6,24.6,0,1,1,1,24.6,1,0.46168917,Medium,11.357553684711457,136.2906442165375
2758-RNWXS,Male,0,No,No,35,Yes,No,Fiber optic,Yes,No,No,Yes,No,Yes,One year,Yes,Electronic check,89.2,3251.3,4,1,0,1,92.89,0,0.10016685,Low,8.934883001446725,107.2185960173607
7055-HNEOJ,Male,0,Yes,No,3,Yes,No,DSL,No,No,Yes,Yes,No,No,Month-to-month,Yes,Mailed check,55.8,154.55,3,1,1,0,51.52,0,0.32285672,Low,18.015405213832853,216.18486256599425
7134-MJPDY,Female,1,No,No,66,Yes,Yes,Fiber optic,No,No,Yes,Yes,Yes,Yes,One year,Yes,Credit card (automatic),102.85,6976.75,6,1,0,0,105.71,0,0.37066406,Low,38.12279858291149,457.47358299493794
4560-WQAQW,Female,0,No,No,59,Yes,Yes,DSL,Yes,No,No,Yes,No,Yes,One year,No,Bank transfer (automatic),68.7,4070.95,5,1,0,0,69.0,0,0.028200345,Low,1.9373637093231082,23.2483645118773
8532-UEFWH,Male,0,Yes,Yes,52,Yes,Yes,No,No internet service,No internet service,No internet service,No internet service,No internet service,No internet service,Two year,No,Mailed check,25.75,1345.85,2,0,0,0,25.88,0,0.009512142,Low,0.24493766366504133,2.939251963980496
8541-QVFKM,Female,0,No,No,8,Yes,Yes,Fiber optic,No,No,No,No,No,No,Month-to-month,Yes,Electronic check,73.5,632.2,2,1,1,1,79.03,0,0.70927525,High,52.13173055648804,625.5807666778564
7129-ACFOG,Female,0,No,No,5,Yes,Yes,DSL,Yes,No,No,No,No,No,Month-to-month,Yes,Electronic check,53.8,283.95,3,1,1,1,56.79,0,0.40374243,Medium,21.721342873573303,260.6561144828796
2495-INZWQ,Male,0,No,No,4,No,No phone service,DSL,No,No,No,No,Yes,Yes,Month-to-month,Yes,Electronic check,44.55,174.3,2,1,1,1,43.58,1,0.6635335,Medium,29.560417816042897,354.72501379251474
0263-FJTQO,Male,0,Yes,Yes,50,Yes,Yes,DSL,Yes,No,No,Yes,Yes,No,Two year,Yes,Credit card (automatic),70.5,3486.65,5,1,0,0,69.73,0,0.013610691,Low,0.9595537036657333,11.5146444439888
0181-RITDD,Male,0,Yes,Yes,62,Yes,No,Fiber optic,Yes,Yes,Yes,Yes,Yes,Yes,Two year,No,Mailed check,108.15,6825.65,7,1,0,0,110.09,0,0.03335882,Low,3.607756359502673,43.29307631403208
8241-JUIQO,Female,0,No,No,61,Yes,No,No,No internet service,No internet service,No internet service,No internet service,No internet service,No internet service,One year,No,Bank transfer (automatic),19.45,1336.35,1,0,0,0,21.91,0,0.02723378,Low,0.5296970099210739,6.356364119052888
0913-XWSCN,Male,0,Yes,Yes,55,Yes,Yes,Fiber optic,No,No,No,No,No,Yes,Month-to-month,No,Bank transfer (automatic),85.5,4713.4,3,1,1,0,85.7,0,0.2669823,Low,22.82698555290699,273.9238266348839
2159-TURXX,Male,0,No,No,5,Yes,No,No,No internet service,No internet service,No internet service,No internet service,No internet service,No internet service,Month-to-month,No,Credit card (automatic),20.05,95.55,1,0,1,0,19.11,0,0.110961296,Low,2.224773978069425,26.697287736833097
6461-PPAXN,Female,0,Yes,Yes,35,Yes,No,DSL,Yes,No,No,Yes,No,No,One year,Yes,Bank transfer (automatic),54.95,1916.0,3,1,0,0,54.74,0,0.032548428,Low,1.7885360956192018,21.46243314743042
1452-KIOVK,Male,0,No,Yes,22,Yes,Yes,Fiber optic,No,Yes,No,No,Yes,No,Month-to-month,Yes,Credit card (automatic),89.1,1949.4,4,1,1,0,88.61,0,0.39184916,Low,34.91376017332077,418.9651220798492
1139-WUOAH,Male,0,No,No,57,No,No phone service,DSL,No,No,Yes,Yes,Yes,Yes,Two year,No,Credit card (automatic),53.35,3090.05,4,1,0,0,54.21,0,0.030354869,Low,1.6194322409108282,19.43318689092994
3207-OYBWH,Male,1,Yes,No,57,Yes,Yes,Fiber optic,No,Yes,Yes,No,No,Yes,Month-to-month,Yes,Bank transfer (automatic),95.25,5427.05,5,1,1,0,95.21,1,0.28352764,Low,27.006007947027683,324.0720953643322
8347-GDTMP,Female,0,Yes,No,64,Yes,No,No,No internet service,No internet service,No internet service,No internet service,No internet service,No internet service,Two year,No,Credit card (automatic),19.45,1225.65,1,0,0,0,19.15,0,0.026871363,Low,0.5226480045355856,6.271776054427027
9909-DFRJA,Female,0,No,No,26,Yes,No,Fiber optic,Yes,No,Yes,Yes,No,Yes,One year,Yes,Bank transfer (automatic),95.85,2475.35,5,1,0,0,95.21,0,0.13910787,Low,13.333489155024289,160.00186986029146
6383-ZTSIW,Female,1,Yes,No,39,Yes,No,Fiber optic,Yes,Yes,No,No,Yes,Yes,One year,No,Mailed check,99.1,3877.95,5,1,0,0,99.43,0,0.13973245,Low,13.84748581945896,166.16982983350752
5438-QMDDL,Female,0,Yes,No,19,Yes,No,DSL,No,Yes,No,No,No,Yes,Month-to-month,Yes,Mailed check,59.8,1130.85,3,1,1,0,59.52,0,0.2350811,Low,14.057850164175033,168.69420197010038
8914-RBTSB,Male,0,Yes,No,31,Yes,Yes,Fiber optic,No,Yes,Yes,No,Yes,No,Month-to-month,No,Electronic check,93.8,3019.5,5,1,1,1,97.4,1,0.37444302,Low,35.122755688428875,421.4730682611465
6164-HXUGH,Female,0,Yes,Yes,6,Yes,No,No,No internet service,No internet service,No internet service,No internet service,No internet service,No internet service,Month-to-month,No,Mailed check,19.85,119.3,1,0,1,0,19.88,0,0.13795522,Low,2.7384110882878305,32.86093305945397
6900-RBKER,Male,0,No,No,52,Yes,Yes,Fiber optic,No,No,Yes,No,No,Yes,Two year,Yes,Credit card (automatic),89.45,4577.75,4,1,0,0,88.03,0,0.055155136,Low,4.933626887574792,59.2035226508975
1492-QGCLU,Male,0,Yes,Yes,53,Yes,Yes,DSL,Yes,No,Yes,Yes,Yes,Yes,Month-to-month,No,Electronic check,85.7,4616.1,7,1,1,1,87.1,0,0.13580209,Low,11.638239127397538,139.65886952877045
6664-FPDAC,Female,1,No,No,56,Yes,Yes,Fiber optic,No,Yes,Yes,Yes,Yes,Yes,One year,Yes,Electronic check,111.95,6418.9,7,1,0,1,114.62,1,0.251918,Low,28.202218763530254,338.42662516236305
1088-AUUZZ,Male,0,Yes,Yes,56,Yes,Yes,DSL,Yes,Yes,No,Yes,No,Yes,Two year,Yes,Credit card (automatic),75.85,4261.2,6,1,0,0,76.09,0,0.012465252,Low,0.9454893345944583,11.3458720151335
6651-AZVTJ,Male,0,Yes,Yes,49,Yes,Yes,Fiber optic,No,No,Yes,No,Yes,Yes,Month-to-month,Yes,Electronic check,99.8,4872.45,5,1,1,1,99.44,1,0.6218355,Medium,62.05917992591858,744.7101591110229
8219-VYBVI,Male,0,No,Yes,39,Yes,Yes,No,No internet service,No internet service,No internet service,No internet service,No internet service,No internet service,Two year,No,Mailed check,25.0,1004.35,2,0,0,0,25.75,0,0.009928217,Low,0.248205428943038,2.978465147316456
0310-MVLET,Female,0,Yes,Yes,61,Yes,Yes,Fiber optic,No,Yes,No,No,Yes,Yes,Month-to-month,Yes,Electronic check,99.15,6010.05,5,1,1,1,98.53,1,0.34857854,Low,34.56156248599291,414.7387498319149
7233-IOQNP,Female,0,Yes,No,43,No,No phone service,DSL,Yes,No,No,Yes,No,No,Month-to-month,No,Bank transfer (automatic),34.0,1505.35,2,1,1,0,35.01,0,0.10489045,Low,3.566275328397751,42.79530394077301
7311-MQJCH,Female,0,No,No,5,Yes,No,No,No internet service,No internet service,No internet service,No internet service,No internet service,No internet service,One year,No,Electronic check,19.55,99.6,1,0,0,1,19.92,0,0.043546706,Low,0.8513381108641624,10.21605733036995
9256-JTBNZ,Female,0,No,No,11,Yes,No,No,No internet service,No internet service,No internet service,No internet service,No internet service,No internet service,Month-to-month,No,Bank transfer (automatic),20.3,246.3,1,0,1,0,22.39,0,0.097151615,Low,1.972177778929472,23.666133347153664
8713-IGZSO,Male,0,No,No,2,Yes,Yes,No,No internet service,No internet service,No internet service,No internet service,No internet service,No internet service,Month-to-month,No,Mailed check,24.85,62.0,2,0,1,0,31.0,0,0.154206,Low,3.8320189215242864,45.98422705829144
6821-BUXUX,Female,0,No,No,13,Yes,Yes,Fiber optic,Yes,Yes,No,No,Yes,No,Month-to-month,Yes,Electronic check,96.65,1244.5,5,1,1,1,95.73,1,0.72512895,High,70.08371289074421,841.0045546889305
9114-DPSIA,Male,0,Yes,Yes,72,Yes,Yes,DSL,Yes,Yes,Yes,Yes,No,Yes,Two year,No,Credit card (automatic),81.0,5750.0,7,1,0,0,79.86,0,0.004832454,Low,0.39142877608537674,4.697145313024521
4501-UYKBC,Female,1,No,No,46,Yes,Yes,DSL,No,No,Yes,Yes,No,Yes,One year,Yes,Credit card (automatic),69.1,3255.35,5,1,0,0,70.77,0,0.13704969,Low,9.470133571326732,113.64160285592078
2798-NYLMZ,Male,0,Yes,No,71,Yes,Yes,Fiber optic,Yes,No,Yes,Yes,Yes,Yes,Two year,Yes,Credit card (automatic),108.55,7616.0,7,1,0,0,107.27,0,0.3005755,Low,32.62746995687485,391.52963948249817
6711-VTNRE,Female,0,No,No,36,Yes,No,Fiber optic,No,No,Yes,Yes,No,Yes,Month-to-month,Yes,Electronic check,87.55,3078.1,4,1,1,1,85.5,1,0.35241,Low,30.85349450558424,370.2419340670109
5966-EMAZU,Male,0,Yes,No,64,Yes,Yes,Fiber optic,Yes,No,Yes,Yes,Yes,Yes,One year,Yes,Mailed check,108.5,6880.85,7,1,0,0,107.51,0,0.25181654,Low,27.322094693779945,327.86513632535934
3627-FHKBK,Female,0,No,No,1,Yes,No,Fiber optic,Yes,No,No,No,No,No,Month-to-month,No,Mailed check,75.3,75.3,2,1,1,0,75.3,1,0.6130281,Medium,46.16101661324501,553.9321993589401
7861-UVUFT,Female,0,Yes,No,15,Yes,No,Fiber optic,No,No,Yes,No,Yes,No,Month-to-month,Yes,Electronic check,84.3,1308.4,3,1,1,1,87.23,1,0.5403674,Medium,45.5529738843441,546.6356866121291
9824-QCJPK,Male,0,Yes,No,36,Yes,No,No,No internet service,No internet service,No internet service,No internet service,No internet service,No internet service,One year,No,Mailed check,20.0,666.75,1,0,0,0,18.52,0,0.007825268,Low,0.15650536864995956,1.8780644237995148
7816-VGHTO,Female,0,Yes,Yes,6,No,No phone service,DSL,No,Yes,Yes,Yes,No,No,Two year,No,Mailed check,40.55,217.5,3,1,0,0,36.25,0,0.04188937,Low,1.6986139327287673,20.383367192745208
3794-NFNCH,Male,0,Yes,No,30,Yes,No,DSL,No,No,Yes,No,No,No,Month-to-month,Yes,Mailed check,50.0,1474.9,2,1,1,0,49.16,0,0.10997391,Low,5.498695373535156,65.98434448242188
3877-JRJIP,Male,0,No,No,1,Yes,Yes,DSL,No,No,No,No,Yes,No,Month-to-month,Yes,Electronic check,59.85,59.85,3,1,1,1,59.85,1,0.7533477,High,45.08785953819752,541.0543144583703
5228-EXCET,Male,0,No,No,13,Yes,No,Fiber optic,No,No,No,No,No,Yes,Month-to-month,Yes,Electronic check,80.85,1008.7,2,1,1,1,77.59,1,0.44926414,Medium,36.32300563305616,435.8760675966739
6248-BSHKG,Male,0,Yes,Yes,61,Yes,No,No,No internet service,No internet service,No internet service,No internet service,No internet service,No internet service,One year,No,Mailed check,20.4,1226.45,1,0,0,0,20.11,0,0.01237557,Low,0.2524616260081529,3.029539512097835
8915-NNTRC,Male,0,Yes,Yes,72,Yes,Yes,Fiber optic,Yes,Yes,No,Yes,Yes,Yes,Two year,Yes,Credit card (automatic),107.7,7919.8,7,1,0,0,110.0,0,0.011318486,Low,1.2190009620040656,14.628011544048787
3470-OBUET,Female,0,Yes,Yes,67,Yes,Yes,DSL,Yes,Yes,No,Yes,Yes,No,Two year,No,Credit card (automatic),74.0,4868.4,6,1,0,0,72.66,0,0.038265646,Low,2.8316577672958374,33.97989320755005
3229-USWAR,Female,0,No,No,34,Yes,No,DSL,Yes,No,Yes,Yes,Yes,Yes,One year,Yes,Bank transfer (automatic),79.95,2727.3,6,1,0,0,80.21,0,0.07623431,Low,6.094933153688908,73.1391978442669
1927-QEWMY,Female,0,Yes,No,72,Yes,No,No,No internet service,No internet service,No internet service,No internet service,No internet service,No internet service,Two year,No,Credit card (automatic),20.5,1502.25,1,0,0,0,20.86,0,0.0019226448,Low,0.03941421821946278,0.4729706186335534
6374-AFWOX,Male,0,Yes,No,46,Yes,No,DSL,Yes,Yes,Yes,Yes,No,No,Two year,No,Mailed check,65.65,3047.15,5,1,0,0,66.24,0,0.01584873,Low,1.040469108708203,12.485629304498435
7912-SYRQT,Female,0,No,No,7,Yes,Yes,Fiber optic,No,No,No,No,No,No,Month-to-month,Yes,Bank transfer (automatic),75.1,552.95,2,1,1,0,78.99,1,0.67897403,Medium,50.990949833393096,611.8913980007171
2070-FNEXE,Female,1,No,No,7,Yes,No,Fiber optic,Yes,No,No,No,No,No,Month-to-month,No,Bank transfer (automatic),76.45,503.6,2,1,1,0,71.94,1,0.34377697,Low,26.28174944072962,315.38099328875546
5803-NQJZO,Male,0,Yes,No,72,Yes,Yes,DSL,Yes,Yes,Yes,Yes,No,No,Two year,Yes,Bank transfer (automatic),67.8,4804.65,6,1,0,0,66.73,0,0.004957134,Low,0.33609367869794365,4.033124144375324
5651-YLPRD,Female,0,Yes,Yes,32,Yes,No,Fiber optic,No,Yes,No,No,Yes,No,Month-to-month,Yes,Electronic check,86.1,2723.75,3,1,1,1,85.12,0,0.48088115,Medium,41.403867405652996,496.846408867836
1271-UODNO,Male,0,No,No,39,Yes,Yes,DSL,No,No,No,Yes,No,No,Two year,Yes,Credit card (automatic),53.85,2200.7,3,1,0,0,56.43,0,0.03848678,Low,2.072513034939766,24.870156419277194
5014-WUQMG,Male,0,Yes,Yes,47,Yes,No,Fiber optic,Yes,Yes,Yes,No,No,Yes,One year,Yes,Electronic check,96.1,4391.45,5,1,0,1,93.44,0,0.13929404,Low,13.386157549917698,160.63389059901237
5889-JTMUL,Female,1,Yes,No,50,Yes,Yes,Fiber optic,No,Yes,Yes,No,Yes,No,Month-to-month,Yes,Electronic check,95.05,4888.7,5,1,1,1,97.77,1,0.452163,Medium,42.9780941799283,515.7371301591396
0788-DXBFY,Male,0,Yes,Yes,58,Yes,No,No,No internet service,No internet service,No internet service,No internet service,No internet service,No internet service,One year,Yes,Electronic check,19.55,1108.8,1,0,0,1,19.12,0,0.11475529,Low,2.2434658758342265,26.921590510010716
2669-QVCRG,Female,0,No,No,41,Yes,Yes,Fiber optic,Yes,No,No,No,No,No,Month-to-month,Yes,Credit card (automatic),81.3,3190.65,3,1,1,0,77.82,0,0.31380865,Low,25.51264322698116,306.1517187237739
6630-UJZMY,Female,1,Yes,No,4,Yes,Yes,Fiber optic,No,No,No,No,Yes,No,Month-to-month,Yes,Electronic check,83.25,308.05,3,1,1,1,77.01,0,0.80384916,High,66.92044262588024,803.0453115105629
5061-PBXFW,Female,0,Yes,Yes,32,Yes,No,DSL,Yes,Yes,No,Yes,No,No,Month-to-month,No,Bank transfer (automatic),61.4,1864.65,4,1,1,0,58.27,0,0.061760277,Low,3.7920809805393216,45.50497176647186
2700-LUEVA,Male,0,No,No,1,Yes,No,No,No internet service,No internet service,No internet service,No internet service,No internet service,No internet service,Month-to-month,No,Credit card (automatic),20.75,20.75,1,0,1,0,20.75,0,0.22464666,Low,4.66141814738512,55.937017768621445
3865-ZFZIB,Male,0,No,No,19,Yes,No,No,No internet service,No internet service,No internet service,No internet service,No internet service,No internet service,Two year,No,Mailed check,19.65,358.15,1,0,0,0,18.85,0,0.010332511,Low,0.20303383735008537,2.4364060482010244
0471-ARVMX,Female,1,Yes,No,62,Yes,Yes,Fiber optic,Yes,No,Yes,No,Yes,Yes,One year,Yes,Electronic check,104.85,6312.9,6,1,0,1,101.82,0,0.21919078,Low,22.982152900099752,275.78583480119704
8985-OOPOS,Female,0,No,No,1,Yes,No,DSL,No,No,Yes,Yes,Yes,Yes,One year,No,Credit card (automatic),74.1,74.1,5,1,0,0,74.1,0,0.16403048,Low,12.154658375680446,145.85590050816535
0719-SYFRB,Female,0,No,No,12,Yes,Yes,DSL,Yes,No,Yes,Yes,No,No,Month-to-month,Yes,Mailed check,61.65,713.75,5,1,1,0,59.48,1,0.15647809,Low,9.646874376386403,115.76249251663684
0447-BEMNG,Female,0,Yes,No,48,No,No phone service,DSL,Yes,No,Yes,No,No,Yes,Month-to-month,Yes,Bank transfer (automatic),45.3,2145.0,3,1,1,0,44.69,1,0.16572887,Low,7.507517677545547,90.09021213054656
5630-AHZIL,Female,0,No,Yes,3,Yes,No,DSL,Yes,No,No,Yes,No,Yes,Month-to-month,Yes,Bank transfer (automatic),64.5,177.4,4,1,1,0,59.13,0,0.23176722,Low,14.94898583739996,179.38783004879951
2190-BCXEC,Female,0,Yes,No,40,Yes,Yes,Fiber optic,No,No,No,Yes,No,No,Month-to-month,Yes,Credit card (automatic),78.85,3126.85,3,1,1,0,78.17,0,0.32959014,Low,25.9881826788187,311.8581921458244
1559-DTODC,Male,0,No,No,19,No,No phone service,DSL,No,No,No,No,No,No,Month-to-month,Yes,Bank transfer (automatic),25.15,468.35,0,1,1,0,24.65,0,0.25742584,Low,6.474259993433952,77.69111992120742
3244-DCJWY,Female,0,No,No,1,Yes,No,Fiber optic,No,No,No,No,No,No,Month-to-month,Yes,Electronic check,70.25,70.25,1,1,1,1,70.25,1,0.7955618,High,55.88821578025818,670.6585893630981
3967-VQOGC,Female,0,Yes,Yes,67,Yes,Yes,No,No internet service,No internet service,No internet service,No internet service,No internet service,No internet service,Two year,Yes,Mailed check,24.9,1680.25,2,0,0,0,25.08,0,0.004313015,Low,0.10739407134242356,1.2887288561090826
0265-PSUAE,Female,0,Yes,Yes,16,Yes,No,Fiber optic,Yes,No,Yes,No,Yes,Yes,Month-to-month,No,Bank transfer (automatic),100.7,1522.7,5,1,1,0,95.17,0,0.43356523,Medium,43.66001857817173,523.9202229380608
1622-HSHSF,Female,0,No,No,1,Yes,No,No,No internet service,No internet service,No internet service,No internet service,No internet service,No internet service,Month-to-month,Yes,Mailed check,19.55,19.55,1,0,1,0,19.55,0,0.46664873,Medium,9.122982625663282,109.47579150795937
9867-XOBQA,Female,0,No,Yes,21,No,No phone service,DSL,Yes,Yes,Yes,Yes,Yes,No,Two year,No,Mailed check,53.15,1183.2,5,1,0,0,56.34,0,0.016081296,Low,0.8547208774834871,10.256650529801846
6773-LQTVT,Female,1,Yes,Yes,29,No,No phone service,DSL,No,Yes,Yes,No,No,No,Month-to-month,Yes,Mailed check,35.65,1025.15,2,1,1,0,35.35,0,0.22372466,Low,7.9757842451334,95.7094109416008
4332-MUOEZ,Male,1,Yes,Yes,20,Yes,No,Fiber optic,Yes,No,Yes,Yes,No,Yes,One year,No,Credit card (automatic),94.3,1818.3,5,1,0,0,90.92,0,0.10720121,Low,10.109074211865662,121.30889054238796
0023-XUOPT,Female,0,Yes,No,13,Yes,Yes,Fiber optic,No,Yes,Yes,No,Yes,No,Month-to-month,No,Electronic check,94.1,1215.6,5,1,1,1,93.51,1,0.541708,Medium,50.974722099304195,611.6966651916504
6543-CPZMK,Male,0,Yes,Yes,9,No,No phone service,DSL,No,Yes,No,No,No,No,Month-to-month,Yes,Electronic check,29.95,248.95,1,1,1,1,27.66,1,0.3805216,Low,11.396621784567833,136.75946141481398
6418-HNFED,Male,0,Yes,No,51,Yes,No,DSL,Yes,Yes,Yes,Yes,Yes,Yes,Two year,Yes,Credit card (automatic),83.25,4089.45,7,1,0,0,80.19,0,0.013163629,Low,1.0958721132483333,13.15046535898
1036-GUDCL,Male,0,Yes,Yes,60,Yes,No,DSL,Yes,Yes,No,Yes,Yes,Yes,Month-to-month,Yes,Credit card (automatic),79.05,4663.4,6,1,1,0,77.72,0,0.0683964,Low,5.406735177710652,64.88082213252783
4818-QIUFN,Female,1,No,No,20,Yes,Yes,Fiber optic,Yes,No,No,No,No,No,Month-to-month,Yes,Electronic check,79.15,1520.9,3,1,1,1,76.04,1,0.4714267,Medium,37.313422955572605,447.76107546687126
0778-NELLA,Male,0,No,No,9,No,No phone service,DSL,No,No,No,No,Yes,No,Month-to-month,Yes,Credit card (automatic),34.7,296.1,1,1,1,0,32.9,1,0.41173038,Medium,14.28704414665699,171.4445297598839
7495-OOKFY,Female,1,Yes,No,8,Yes,Yes,Fiber optic,No,Yes,No,No,No,No,Month-to-month,Yes,Credit card (automatic),80.65,633.3,3,1,1,0,79.16,1,0.7011798,High,56.55015106499196,678.6018127799035
4737-HOBAX,Male,0,Yes,No,63,Yes,Yes,DSL,No,No,Yes,Yes,Yes,Yes,Two year,No,Credit card (automatic),79.8,5034.05,6,1,0,0,79.91,0,0.02534581,Low,2.022595618665218,24.27114742398262
7919-ZODZZ,Female,0,Yes,Yes,10,Yes,No,DSL,No,Yes,Yes,No,No,Yes,One year,Yes,Mailed check,65.9,660.05,4,1,0,0,66.0,0,0.19097446,Low,12.58521685153246,151.02260221838952
2988-PLAHS,Female,0,No,No,3,Yes,No,DSL,No,No,Yes,No,Yes,Yes,One year,Yes,Electronic check,69.95,220.45,4,1,0,1,73.48,0,0.20998785,Low,14.688650037348271,176.26380044817927
9067-SQTNS,Male,0,Yes,Yes,44,Yes,No,No,No internet service,No internet service,No internet service,No internet service,No internet service,No internet service,One year,No,Bank transfer (automatic),20.6,926.0,1,0,0,0,21.05,0,0.016792338,Low,0.3459221698343754,4.151066038012505
6483-OATDN,Male,0,Yes,Yes,8,Yes,No,DSL,Yes,No,No,No,No,No,Month-to-month,Yes,Credit card (automatic),51.3,411.6,2,1,1,0,51.45,0,0.21216068,Low,10.883842715620993,130.60611258745192
5469-CTCWN,Male,0,Yes,Yes,61,Yes,Yes,Fiber optic,Yes,Yes,No,No,Yes,Yes,One year,Yes,Electronic check,106.0,6547.7,6,1,0,1,107.34,1,0.15095384,Low,16.00110748410225,192.013289809227
3524-WQDSG,Female,0,Yes,Yes,43,Yes,Yes,Fiber optic,No,No,Yes,No,Yes,Yes,Month-to-month,Yes,Bank transfer (automatic),99.3,4209.95,5,1,1,0,97.91,0,0.5201614,Medium,51.65202605724335,619.8243126869202
6968-URWQU,Male,0,Yes,No,43,Yes,No,DSL,No,No,No,No,Yes,No,One year,Yes,Mailed check,56.35,2391.15,2,1,0,0,55.61,0,0.18664259,Low,10.517309787869454,126.20771745443345
8601-QACRS,Female,0,No,No,5,Yes,Yes,DSL,No,No,No,No,No,No,Month-to-month,Yes,Mailed check,50.6,249.95,2,1,1,0,49.99,1,0.45683107,Medium,23.115652030706407,277.3878243684769
8690-UPCZI,Male,0,Yes,Yes,29,Yes,Yes,DSL,Yes,No,No,Yes,Yes,No,One year,No,Bank transfer (automatic),69.05,1958.45,5,1,0,0,67.53,0,0.025316129,Low,1.7480786734260618,20.97694408111274
5331-RGMTT,Male,1,Yes,No,54,Yes,Yes,Fiber optic,No,No,Yes,No,Yes,Yes,Month-to-month,Yes,Credit card (automatic),99.05,5295.7,5,1,1,0,98.07,0,0.51475936,Medium,50.986914780735965,611.8429773688316
1357-BIJKI,Male,0,Yes,No,50,Yes,Yes,Fiber optic,No,Yes,No,No,Yes,Yes,One year,Yes,Electronic check,98.25,4858.7,5,1,0,1,97.17,0,0.32317796,Low,31.752234913408756,381.0268189609051
2088-IEBAU,Female,0,No,No,68,Yes,Yes,DSL,Yes,Yes,Yes,Yes,Yes,Yes,Two year,Yes,Electronic check,88.15,6148.45,8,1,0,1,90.42,0,0.022503918,Low,1.9837203749455512,23.804644499346615
0679-IDSTG,Female,1,Yes,Yes,1,Yes,No,Fiber optic,No,No,No,No,No,No,Month-to-month,Yes,Electronic check,69.25,69.25,1,1,1,1,69.25,1,0.8918507,High,61.76066166162491,741.1279399394989
6519-ZHPXP,Female,0,Yes,Yes,72,Yes,No,Fiber optic,Yes,Yes,Yes,Yes,Yes,Yes,Two year,Yes,Bank transfer (automatic),108.3,7679.65,7,1,0,0,106.66,0,0.027161412,Low,2.9415809132158754,35.2989709585905
2101-RANCD,Female,0,No,No,55,Yes,Yes,Fiber optic,No,No,No,No,No,No,Month-to-month,Yes,Electronic check,73.1,4144.9,2,1,1,1,75.36,0,0.3520422,Low,25.734284687042233,308.8114162445068
4029-HPFVY,Male,0,No,No,3,Yes,No,Fiber optic,No,No,No,No,No,No,Month-to-month,Yes,Mailed check,70.3,220.4,1,1,1,0,73.47,0,0.50107354,Medium,35.22546980977058,422.705637717247
1015-OWJKI,Male,0,No,No,1,Yes,No,No,No internet service,No internet service,No internet service,No internet service,No internet service,No internet service,Month-to-month,No,Mailed check,19.05,19.05,1,0,1,0,19.05,0,0.13627532,Low,2.5960448697209357,31.152538436651227
8314-HTWVE,Female,0,Yes,Yes,7,Yes,No,No,No internet service,No internet service,No internet service,No internet service,No internet service,No internet service,Two year,No,Mailed check,19.85,144.15,1,0,0,0,20.59,0,0.011725422,Low,0.23274962659925225,2.792995519191027
5357-TZHPP,Male,1,No,No,9,Yes,Yes,Fiber optic,No,No,No,No,No,Yes,Month-to-month,Yes,Credit card (automatic),84.4,732.5,3,1,1,0,81.39,1,0.74051076,High,62.499108290672304,749.9892994880677
8727-XDPUD,Male,0,No,No,37,No,No phone service,DSL,No,No,No,No,Yes,No,Two year,No,Credit card (automatic),35.8,1316.9,1,1,0,0,35.59,0,0.03214662,Low,1.1508490495383739,13.810188594460486
9073-ZZIAY,Male,0,Yes,Yes,62,Yes,No,DSL,Yes,Yes,Yes,Yes,Yes,Yes,Two year,No,Electronic check,86.1,5215.25,7,1,0,1,84.12,0,0.021183092,Low,1.8238642338663338,21.886370806396005
5181-OABFK,Female,0,Yes,Yes,56,Yes,No,DSL,Yes,Yes,Yes,No,No,No,Two year,Yes,Credit card (automatic),61.3,3346.8,4,1,0,0,59.76,0,0.016998611,Low,1.042014878243208,12.504178538918495
3812-LRZIR,Female,0,Yes,Yes,27,Yes,Yes,No,No internet service,No internet service,No internet service,No internet service,No internet service,No internet service,Two year,No,Electronic check,24.5,761.95,2,0,0,1,28.22,0,0.024720345,Low,0.6056484449654818,7.267781339585781
5204-HMGYF,Female,0,Yes,Yes,49,Yes,No,DSL,Yes,Yes,Yes,Yes,Yes,Yes,One year,Yes,Mailed check,87.2,4345.0,7,1,0,0,88.67,0,0.038067304,Low,3.319468873739243,39.83362648487091
9950-MTGYX,Male,0,Yes,Yes,28,Yes,No,No,No internet service,No internet service,No internet service,No internet service,No internet service,No internet service,Two year,Yes,Credit card (automatic),20.3,487.95,1,0,0,0,17.43,0,0.0040974575,Low,0.08317838744260371,0.9981406493112446
3675-EQOZA,Male,0,No,No,5,Yes,No,No,No internet service,No internet service,No internet service,No internet service,No internet service,No internet service,Month-to-month,No,Bank transfer (automatic),20.65,93.55,1,0,1,0,18.71,0,0.11034269,Low,2.278576524928212,27.342918299138546
3646-ITDGM,Female,0,No,No,56,Yes,No,No,No internet service,No internet service,No internet service,No internet service,No internet service,No internet service,Two year,No,Bank transfer (automatic),19.7,1051.9,1,0,0,0,18.78,0,0.04186374,Low,0.824715667963028,9.896588015556336
3913-FCUUW,Female,0,Yes,Yes,72,Yes,Yes,DSL,Yes,Yes,Yes,Yes,No,No,Two year,Yes,Bank transfer (automatic),70.45,5165.7,6,1,0,0,71.75,0,0.0064486465,Low,0.4543071488616988,5.451685786340386
